time_seconds,true_label,predicted_label
0.0,F#maj,F#maj
0.023219954,F#maj,F#maj
0.04643991,F#maj,F#maj
0.06965987,F#maj,F#maj
0.09287982,F#maj,F#maj
0.116099775,F#maj,F#maj
0.13931973,F#maj,F#maj
0.16253968,F#maj,F#maj
0.18575963,F#maj,F#maj
0.20897959,F#maj,F#maj
0.23219955,F#maj,F#maj
0.2554195,F#maj,F#maj
0.27863947,F#maj,F#maj
0.3018594,F#maj,F#maj
0.32507935,F#maj,F#maj
0.34829932,F#maj,F#maj
0.37151927,F#maj,F#maj
0.39473924,F#maj,F#maj
0.41795918,F#maj,F#maj
0.44117913,F#maj,F#maj
0.4643991,F#maj,F#maj
0.48761904,F#maj,F#maj
0.510839,F#maj,F#maj
0.5340589,F#maj,F#maj
0.55727893,F#maj,F#maj
0.5804989,F#maj,F#maj
0.6037188,F#maj,F#maj
0.62693876,F#maj,F#maj
0.6501587,F#maj,F#maj
0.6733787,F#maj,F#maj
0.69659865,F#maj,F#maj
0.7198186,F#maj,F#maj
0.74303854,F#maj,F#maj
0.7662585,F#maj,F#maj
0.7894785,F#maj,F#maj
0.8126984,F#maj,F#maj
0.83591837,F#maj,F#maj
0.8591383,F#maj,F#maj
0.88235825,F#maj,F#maj
0.90557826,F#maj,F#maj
0.9287982,F#maj,F#maj
0.95201814,F#maj,F#maj
0.9752381,F#maj,F#maj
0.998458,F#maj,F#maj
1.021678,F#maj,F#maj
1.0448979,F#maj,F#maj
1.0681179,F#maj,F#maj
1.0913379,F#maj,F#maj
1.1145579,F#maj,F#maj
1.1377778,F#maj,F#maj
1.1609977,F#maj,F#maj
1.1842177,F#maj,F#maj
1.2074376,F#maj,F#maj
1.2306576,F#maj,F#maj
1.2538775,F#maj,F#maj
1.2770975,F#maj,F#maj
1.3003174,F#maj,F#maj
1.3235375,F#maj,F#maj
1.3467574,F#maj,F#maj
1.3699774,F#maj,F#maj
1.3931973,F#maj,F#maj
1.4164172,F#maj,F#maj
1.4396372,F#maj,F#maj
1.4628571,F#maj,F#maj
1.4860771,F#maj,F#maj
1.509297,F#maj,F#maj
1.532517,F#maj,F#maj
1.555737,F#maj,F#maj
1.578957,F#maj,F#maj
1.6021769,F#maj,F#maj
1.6253968,F#maj,F#maj
1.6486168,F#maj,F#maj
1.6718367,F#maj,F#maj
1.6950567,F#maj,F#maj
1.7182766,F#maj,F#maj
1.7414966,G#min,G#min
1.7647165,G#min,G#min
1.7879364,G#min,G#min
1.8111565,G#min,G#min
1.8343765,G#min,G#min
1.8575964,G#min,G#min
1.8808163,G#min,G#min
1.9040363,G#min,G#min
1.9272562,G#min,G#min
1.9504762,G#min,G#min
1.9736961,G#min,G#min
1.996916,G#min,G#min
2.020136,G#min,G#min
2.043356,G#min,G#min
2.066576,G#min,G#min
2.0897958,G#min,G#min
2.113016,G#min,G#min
2.1362357,G#min,G#min
2.1594558,G#min,G#min
2.1826758,G#min,G#min
2.2058957,G#min,G#min
2.2291157,G#min,G#min
2.2523355,G#min,G#min
2.2755556,G#min,G#min
2.2987754,G#min,G#min
2.3219955,G#min,G#min
2.3452153,G#min,G#min
2.3684354,G#min,G#min
2.3916554,G#min,G#min
2.4148753,G#min,G#min
2.4380953,G#min,G#min
2.4613152,G#min,G#min
2.4845352,G#min,G#min
2.507755,G#min,G#min
2.530975,G#min,G#min
2.554195,G#min,G#min
2.577415,G#min,G#min
2.6006348,G#min,G#min
2.6238549,G#min,G#min
2.647075,G#min,G#min
2.6702948,G#min,G#min
2.6935148,G#min,G#min
2.7167346,G#min,G#min
2.7399547,G#min,G#min
2.7631745,G#min,G#min
2.7863946,G#min,G#min
2.8096144,G#min,G#min
2.8328345,G#min,G#min
2.8560543,G#min,G#min
2.8792744,G#min,G#min
2.9024944,G#min,G#min
2.9257143,G#min,G#min
2.9489343,G#min,G#min
2.9721541,G#min,G#min
2.9953742,G#min,G#min
3.018594,G#min,G#min
3.041814,G#min,G#min
3.065034,G#min,G#min
3.088254,G#min,G#min
3.111474,G#min,G#min
3.1346939,G#min,G#min
3.157914,G#min,G#min
3.1811337,G#min,G#min
3.2043538,G#min,G#min
3.2275736,G#min,G#min
3.2507937,G#min,G#min
3.2740135,G#min,G#min
3.2972336,G#min,G#min
3.3204534,G#min,G#min
3.3436735,G#min,G#min
3.3668935,G#min,G#min
3.3901134,G#min,G#min
3.4133334,G#min,G#min
3.4365532,G#min,G#min
3.4597733,C#min,C#min
3.4829931,C#min,C#min
3.5062132,C#min,C#min
3.529433,C#min,C#min
3.552653,C#min,C#min
3.575873,C#min,C#min
3.599093,C#min,C#min
3.622313,C#min,C#min
3.6455328,C#min,C#min
3.668753,C#min,C#min
3.6919727,C#min,C#min
3.7151928,C#min,C#min
3.7384126,C#min,C#min
3.7616327,C#min,C#min
3.7848525,C#min,C#min
3.8080726,C#min,C#min
3.8312926,C#min,C#min
3.8545125,C#min,C#min
3.8777325,C#min,C#min
3.9009523,C#min,C#min
3.9241724,C#min,C#min
3.9473922,C#min,C#min
3.9706123,C#min,C#min
3.993832,C#min,C#min
4.017052,C#min,C#min
4.040272,C#min,C#min
4.0634923,C#min,C#min
4.086712,C#min,C#min
4.109932,C#min,C#min
4.133152,C#min,C#min
4.156372,C#min,C#min
4.1795917,C#min,C#min
4.2028117,C#min,C#min
4.226032,C#min,C#min
4.249252,C#min,C#min
4.2724714,C#min,C#min
4.2956915,C#min,C#min
4.3189116,D#min,C#min
4.3421316,D#min,D#min
4.3653517,D#min,D#min
4.3885713,D#min,D#min
4.4117913,D#min,D#min
4.4350114,D#min,D#min
4.4582314,D#min,D#min
4.481451,D#min,D#min
4.504671,D#min,D#min
4.527891,D#min,D#min
4.551111,D#min,D#min
4.5743313,D#min,D#min
4.597551,D#min,D#min
4.620771,D#min,D#min
4.643991,D#min,D#min
4.667211,D#min,D#min
4.6904306,D#min,D#min
4.7136507,D#min,D#min
4.736871,D#min,D#min
4.760091,D#min,D#min
4.783311,D#min,D#min
4.8065305,D#min,D#min
4.8297505,D#min,D#min
4.8529706,D#min,D#min
4.8761907,D#min,D#min
4.8994102,D#min,D#min
4.9226303,D#min,D#min
4.9458504,D#min,D#min
4.9690704,D#min,D#min
4.99229,D#min,D#min
5.01551,D#min,D#min
5.03873,D#min,D#min
5.06195,D#min,D#min
5.0851703,D#min,D#min
5.10839,D#min,D#min
5.13161,D#min,D#min
5.15483,D#min,D#min
5.17805,D#min,D#min
5.2012696,C#min,C#min
5.2244897,C#min,C#min
5.2477098,C#min,C#min
5.27093,C#min,C#min
5.29415,C#min,C#min
5.3173695,C#min,C#min
5.3405895,C#min,C#min
5.3638096,C#min,C#min
5.3870296,C#min,C#min
5.410249,C#min,C#min
5.4334693,C#min,C#min
5.4566894,C#min,C#min
5.4799094,C#min,C#min
5.5031295,C#min,C#min
5.526349,C#min,C#min
5.549569,C#min,C#min
5.572789,C#min,C#min
5.5960093,C#min,C#min
5.619229,C#min,C#min
5.642449,C#min,C#min
5.665669,C#min,C#min
5.688889,C#min,C#min
5.7121086,C#min,C#min
5.7353287,C#min,C#min
5.7585487,C#min,C#min
5.781769,C#min,C#min
5.804989,C#min,C#min
5.8282084,C#min,C#min
5.8514285,C#min,C#min
5.8746486,C#min,C#min
5.8978686,C#min,C#min
5.921088,C#min,C#min
5.9443083,C#min,C#min
5.9675283,C#min,C#min
5.9907484,C#min,C#min
6.0139685,C#min,C#min
6.037188,C#min,C#min
6.060408,C#min,C#min
6.083628,C#min,C#min
6.1068482,C#min,C#min
6.130068,C#min,C#min
6.153288,C#min,C#min
6.176508,C#min,C#min
6.199728,C#min,C#min
6.222948,C#min,C#min
6.2461677,C#min,C#min
6.2693877,C#min,C#min
6.292608,C#min,C#min
6.315828,C#min,C#min
6.3390474,C#min,C#min
6.3622675,C#min,C#min
6.3854876,C#min,C#min
6.4087076,C#min,C#min
6.431927,C#min,C#min
6.4551473,C#min,C#min
6.4783673,C#min,C#min
6.5015874,C#min,C#min
6.5248075,C#min,C#min
6.548027,C#min,C#min
6.571247,C#min,C#min
6.594467,C#min,C#min
6.617687,C#min,C#min
6.640907,C#min,C#min
6.664127,C#min,C#min
6.687347,C#min,C#min
6.710567,C#min,C#min
6.733787,C#min,C#min
6.7570066,C#min,C#min
6.7802267,C#min,C#min
6.803447,C#min,C#min
6.826667,C#min,C#min
6.8498864,C#min,C#min
6.8731065,C#min,C#min
6.8963265,C#min,C#min
6.9195466,Bmaj,C#min
6.9427667,Bmaj,Bmaj
6.9659863,Bmaj,Bmaj
6.9892063,Bmaj,Bmaj
7.0124264,Bmaj,Bmaj
7.0356464,Bmaj,Bmaj
7.058866,Bmaj,Bmaj
7.082086,Bmaj,Bmaj
7.105306,Bmaj,Bmaj
7.128526,Bmaj,Bmaj
7.151746,Bmaj,Bmaj
7.174966,Bmaj,Bmaj
7.198186,Bmaj,Bmaj
7.221406,Bmaj,Bmaj
7.244626,Bmaj,Bmaj
7.2678456,Bmaj,Bmaj
7.2910657,Bmaj,Bmaj
7.3142858,Bmaj,Bmaj
7.337506,Bmaj,Bmaj
7.3607254,Bmaj,Bmaj
7.3839455,Bmaj,Bmaj
7.4071655,Bmaj,Bmaj
7.4303856,Bmaj,Bmaj
7.4536057,Bmaj,Bmaj
7.476825,Bmaj,Bmaj
7.5000453,Bmaj,Bmaj
7.5232654,Bmaj,Bmaj
7.5464854,Bmaj,Bmaj
7.569705,Bmaj,Bmaj
7.592925,Bmaj,Bmaj
7.616145,Bmaj,Bmaj
7.639365,Bmaj,Bmaj
7.6625853,Bmaj,Bmaj
7.685805,Bmaj,Bmaj
7.709025,Bmaj,Bmaj
7.732245,Bmaj,Bmaj
7.755465,Bmaj,Bmaj
7.7786846,Bmaj,Bmaj
7.8019047,Bmaj,Bmaj
7.8251247,Bmaj,Bmaj
7.848345,Bmaj,Bmaj
7.8715644,Bmaj,Bmaj
7.8947845,Bmaj,Bmaj
7.9180045,Bmaj,Bmaj
7.9412246,Bmaj,Bmaj
7.9644446,Bmaj,Bmaj
7.987664,Bmaj,Bmaj
8.010884,Bmaj,Bmaj
8.034104,Bmaj,Bmaj
8.057324,Bmaj,Bmaj
8.080544,Bmaj,Bmaj
8.103765,Bmaj,Bmaj
8.126985,Bmaj,Bmaj
8.150204,Bmaj,Bmaj
8.173424,Bmaj,Bmaj
8.196644,Bmaj,Bmaj
8.219864,Bmaj,Bmaj
8.243084,Bmaj,Bmaj
8.266304,Bmaj,Bmaj
8.289524,Bmaj,Bmaj
8.312744,Bmaj,Bmaj
8.335963,Bmaj,Bmaj
8.359183,Bmaj,Bmaj
8.382403,Bmaj,Bmaj
8.405623,Bmaj,Bmaj
8.4288435,Bmaj,Bmaj
8.452064,Bmaj,Bmaj
8.475284,Bmaj,Bmaj
8.498504,Bmaj,Bmaj
8.521724,Bmaj,Bmaj
8.544943,Bmaj,Bmaj
8.568163,Bmaj,Bmaj
8.591383,Bmaj,Bmaj
8.614603,Bmaj,Bmaj
8.637823,Emaj,Bmaj
8.661043,Emaj,Emaj
8.684263,Emaj,Emaj
8.707483,Emaj,Emaj
8.730703,Emaj,Emaj
8.753922,Emaj,Emaj
8.777143,Emaj,Emaj
8.800363,Emaj,Emaj
8.823583,Emaj,Emaj
8.846803,Emaj,Emaj
8.870023,Emaj,Emaj
8.893243,Emaj,Emaj
8.916463,Emaj,Emaj
8.939683,Emaj,Emaj
8.962902,Emaj,Emaj
8.986122,Emaj,Emaj
9.009342,Emaj,Emaj
9.032562,Emaj,Emaj
9.055782,Emaj,Emaj
9.079002,Emaj,Emaj
9.102222,Emaj,Emaj
9.1254425,Emaj,Emaj
9.148663,Emaj,Emaj
9.171882,Emaj,Emaj
9.195102,Emaj,Emaj
9.218322,Emaj,Emaj
9.241542,Emaj,Emaj
9.264762,Emaj,Emaj
9.287982,Emaj,Emaj
9.311202,Emaj,Emaj
9.334422,Emaj,Emaj
9.357642,Emaj,Emaj
9.380861,Emaj,Emaj
9.404081,Emaj,Emaj
9.427301,Emaj,Emaj
9.450521,Emaj,Emaj
9.473742,Emaj,F#maj
9.496962,F#maj,F#maj
9.520182,F#maj,F#maj
9.543402,F#maj,F#maj
9.566622,F#maj,F#maj
9.589841,F#maj,F#maj
9.613061,F#maj,F#maj
9.636281,F#maj,F#maj
9.659501,F#maj,F#maj
9.682721,F#maj,F#maj
9.705941,F#maj,F#maj
9.729161,F#maj,F#maj
9.752381,F#maj,F#maj
9.7756,F#maj,F#maj
9.7988205,F#maj,F#maj
9.822041,F#maj,F#maj
9.845261,F#maj,F#maj
9.868481,F#maj,F#maj
9.891701,F#maj,F#maj
9.914921,F#maj,F#maj
9.938141,F#maj,F#maj
9.961361,F#maj,F#maj
9.98458,F#maj,F#maj
10.0078,F#maj,F#maj
10.03102,F#maj,F#maj
10.05424,F#maj,F#maj
10.07746,F#maj,F#maj
10.10068,F#maj,F#maj
10.1239,F#maj,F#maj
10.14712,F#maj,F#maj
10.170341,F#maj,F#maj
10.19356,F#maj,F#maj
10.21678,F#maj,F#maj
10.24,F#maj,F#maj
10.26322,F#maj,F#maj
10.28644,F#maj,F#maj
10.30966,F#maj,F#maj
10.33288,F#maj,F#maj
10.3561,F#maj,F#maj
10.37932,C#min,C#min
10.402539,C#min,C#min
10.425759,C#min,C#min
10.448979,C#min,C#min
10.472199,C#min,C#min
10.4954195,C#min,C#min
10.51864,C#min,C#min
10.54186,C#min,C#min
10.56508,C#min,C#min
10.5883,C#min,C#min
10.611519,C#min,C#min
10.634739,C#min,C#min
10.657959,C#min,C#min
10.681179,C#min,C#min
10.704399,C#min,C#min
10.727619,C#min,C#min
10.750839,C#min,C#min
10.774059,C#min,C#min
10.797279,C#min,C#min
10.820498,C#min,C#min
10.843719,C#min,C#min
10.866939,C#min,C#min
10.890159,C#min,C#min
10.913379,C#min,C#min
10.936599,C#min,C#min
10.959819,C#min,C#min
10.983039,C#min,C#min
11.006259,C#min,C#min
11.029478,C#min,C#min
11.052698,C#min,C#min
11.075918,C#min,C#min
11.099138,C#min,C#min
11.122358,C#min,C#min
11.145578,C#min,C#min
11.168798,C#min,C#min
11.1920185,C#min,C#min
11.215239,C#min,C#min
11.238458,C#min,C#min
11.261678,C#min,C#min
11.284898,C#min,C#min
11.308118,C#min,C#min
11.331338,C#min,C#min
11.354558,C#min,C#min
11.377778,C#min,C#min
11.400998,C#min,C#min
11.424217,C#min,C#min
11.447437,C#min,C#min
11.470657,C#min,C#min
11.493877,C#min,C#min
11.517097,C#min,C#min
11.540318,C#min,C#min
11.563538,C#min,C#min
11.586758,C#min,C#min
11.609978,C#min,C#min
11.633197,C#min,C#min
11.656417,C#min,C#min
11.679637,C#min,C#min
11.702857,C#min,C#min
11.726077,C#min,C#min
11.749297,C#min,C#min
11.772517,C#min,C#min
11.795737,C#min,C#min
11.818957,C#min,C#min
11.842176,C#min,C#min
11.8653965,C#min,C#min
11.888617,C#min,C#min
11.911837,C#min,C#min
11.935057,C#min,C#min
11.958277,C#min,C#min
11.981497,C#min,C#min
12.004717,C#min,C#min
12.027937,C#min,C#min
12.051156,C#min,C#min
12.074376,C#min,C#min
12.097596,G#min,G#min
12.120816,G#min,G#min
12.144036,G#min,G#min
12.167256,G#min,G#min
12.190476,G#min,G#min
12.2136965,G#min,G#min
12.236917,G#min,G#min
12.260136,G#min,G#min
12.283356,G#min,G#min
12.306576,G#min,G#min
12.329796,G#min,G#min
12.353016,G#min,G#min
12.376236,G#min,G#min
12.399456,G#min,G#min
12.422676,G#min,G#min
12.445896,G#min,G#min
12.469115,G#min,G#min
12.492335,G#min,G#min
12.515555,G#min,G#min
12.538775,G#min,G#min
12.5619955,G#min,G#min
12.585216,G#min,G#min
12.608436,G#min,G#min
12.631656,G#min,G#min
12.654876,G#min,G#min
12.678095,G#min,G#min
12.701315,G#min,G#min
12.724535,G#min,G#min
12.747755,G#min,G#min
12.770975,G#min,G#min
12.794195,G#min,G#min
12.817415,G#min,G#min
12.840635,G#min,G#min
12.863854,G#min,G#min
12.887074,G#min,G#min
12.910295,G#min,G#min
12.933515,G#min,G#min
12.956735,G#min,G#min
12.979955,G#min,G#min
13.003175,G#min,G#min
13.026395,G#min,G#min
13.049615,G#min,G#min
13.072834,G#min,G#min
13.096054,G#min,G#min
13.119274,G#min,G#min
13.142494,G#min,G#min
13.165714,G#min,G#min
13.188934,G#min,G#min
13.212154,G#min,G#min
13.235374,G#min,G#min
13.2585945,G#min,G#min
13.281814,G#min,G#min
13.305034,G#min,G#min
13.328254,G#min,G#min
13.351474,G#min,G#min
13.374694,G#min,G#min
13.397914,G#min,G#min
13.421134,G#min,G#min
13.444354,G#min,G#min
13.467574,G#min,G#min
13.490793,G#min,G#min
13.514013,G#min,G#min
13.537233,G#min,G#min
13.560453,G#min,G#min
13.5836735,G#min,G#min
13.606894,G#min,G#min
13.630114,G#min,G#min
13.653334,G#min,G#min
13.676554,G#min,G#min
13.699773,G#min,G#min
13.722993,G#min,G#min
13.746213,G#min,G#min
13.769433,G#min,G#min
13.792653,G#min,G#min
13.815873,Emaj,G#min
13.839093,Emaj,Emaj
13.862313,Emaj,Emaj
13.885533,Emaj,Emaj
13.908752,Emaj,Emaj
13.9319725,Emaj,Emaj
13.955193,Emaj,Emaj
13.978413,Emaj,Emaj
14.001633,Emaj,Emaj
14.024853,Emaj,Emaj
14.048073,Emaj,Emaj
14.071293,Emaj,Emaj
14.094513,Emaj,Emaj
14.117732,Emaj,Emaj
14.140952,Emaj,Emaj
14.164172,Emaj,Emaj
14.187392,Emaj,Emaj
14.210612,Emaj,Emaj
14.233832,Emaj,Emaj
14.257052,Emaj,Emaj
14.2802725,Emaj,Emaj
14.303492,Emaj,Emaj
14.326712,Emaj,Emaj
14.349932,Emaj,Emaj
14.373152,Emaj,Emaj
14.396372,Emaj,Emaj
14.419592,Emaj,Emaj
14.442812,Emaj,Emaj
14.466032,Emaj,Emaj
14.489252,Emaj,Emaj
14.512471,Emaj,Emaj
14.535691,Emaj,Emaj
14.558911,Emaj,Emaj
14.582131,Emaj,Emaj
14.605351,Emaj,Emaj
14.6285715,Emaj,Emaj
14.651792,Emaj,Emaj
14.675012,Emaj,Emaj
14.698232,Emaj,Emaj
14.721451,Emaj,Emaj
14.744671,Emaj,Emaj
14.767891,Emaj,Emaj
14.791111,Emaj,Emaj
14.814331,Emaj,Emaj
14.837551,Emaj,Emaj
14.860771,Emaj,Emaj
14.883991,Emaj,Emaj
14.907211,Emaj,Emaj
14.93043,Emaj,Emaj
14.95365,Emaj,Emaj
14.976871,Emaj,Emaj
15.000091,Emaj,Emaj
15.023311,Emaj,Emaj
15.046531,Emaj,Emaj
15.069751,Emaj,Emaj
15.092971,Emaj,Emaj
15.116191,Emaj,Emaj
15.13941,Emaj,Emaj
15.16263,Emaj,Emaj
15.18585,Emaj,Emaj
15.20907,Emaj,Emaj
15.23229,Emaj,Emaj
15.25551,Emaj,Emaj
15.27873,Emaj,Emaj
15.30195,Emaj,Emaj
15.3251705,Emaj,Emaj
15.34839,Emaj,Emaj
15.37161,Emaj,Emaj
15.39483,Emaj,Emaj
15.41805,Emaj,Emaj
15.44127,Emaj,Emaj
15.46449,Emaj,Emaj
15.48771,Emaj,Emaj
15.51093,Emaj,Emaj
15.53415,Emaj,Emaj
15.557369,Emaj,Emaj
15.580589,Emaj,Emaj
15.603809,Emaj,Emaj
15.627029,Emaj,Emaj
15.6502495,Emaj,Emaj
15.67347,Emaj,Emaj
15.69669,Emaj,Emaj
15.71991,Emaj,Emaj
15.743129,Emaj,Emaj
15.766349,Emaj,Emaj
15.789569,Emaj,Emaj
15.812789,Emaj,Emaj
15.836009,Emaj,Emaj
15.859229,Emaj,Emaj
15.882449,Emaj,Emaj
15.905669,Emaj,Emaj
15.928889,Emaj,Emaj
15.952108,Emaj,Emaj
15.975328,Emaj,Emaj
15.9985485,Emaj,Emaj
16.021769,Emaj,Emaj
16.044989,Emaj,Emaj
16.068209,Emaj,Emaj
16.091429,Emaj,Emaj
16.114649,Emaj,Emaj
16.137869,Emaj,Emaj
16.161089,Emaj,Emaj
16.184309,Emaj,Emaj
16.20753,Emaj,Emaj
16.23075,Emaj,Emaj
16.25397,Emaj,Emaj
16.277187,Emaj,Emaj
16.300407,Emaj,Emaj
16.323627,Emaj,Emaj
16.346848,Emaj,Emaj
16.370068,Emaj,Emaj
16.393288,Emaj,Emaj
16.416508,Emaj,Emaj
16.439728,Emaj,Emaj
16.462948,Emaj,Emaj
16.486168,Emaj,Emaj
16.509388,Emaj,Emaj
16.532608,Emaj,Emaj
16.555828,Emaj,Emaj
16.579048,Emaj,Emaj
16.602268,Emaj,Emaj
16.625488,Emaj,Emaj
16.648708,Emaj,Emaj
16.671926,Emaj,Emaj
16.695147,Emaj,Emaj
16.718367,Emaj,Emaj
16.741587,Emaj,Emaj
16.764807,Emaj,Emaj
16.788027,Emaj,Emaj
16.811247,Emaj,Emaj
16.834467,Emaj,Emaj
16.857687,Emaj,Emaj
16.880907,Emaj,Emaj
16.904127,Emaj,Emaj
16.927347,Emaj,Emaj
16.950567,Emaj,Emaj
16.973787,Emaj,Emaj
16.997007,Emaj,Emaj
17.020227,Emaj,Emaj
17.043447,Emaj,Emaj
17.066668,Emaj,Emaj
17.089886,Emaj,Emaj
17.113106,Emaj,Emaj
17.136326,Emaj,Emaj
17.159546,Emaj,Emaj
17.182766,Emaj,Emaj
17.205986,Emaj,Emaj
17.229206,Emaj,Emaj
17.252426,Emaj,Emaj
17.275646,Emaj,G#min
17.298866,G#min,G#min
17.322086,G#min,G#min
17.345306,G#min,G#min
17.368526,G#min,G#min
17.391747,G#min,G#min
17.414967,G#min,G#min
17.438187,G#min,G#min
17.461407,G#min,G#min
17.484627,G#min,G#min
17.507845,G#min,G#min
17.531065,G#min,G#min
17.554285,G#min,G#min
17.577505,G#min,G#min
17.600725,G#min,G#min
17.623945,G#min,G#min
17.647165,G#min,Emaj
17.670385,G#min,Emaj
17.693605,G#min,G#min
17.716825,G#min,G#min
17.740046,G#min,G#min
17.763266,G#min,G#min
17.786486,G#min,G#min
17.809706,G#min,Bmaj
17.832926,G#min,Bmaj
17.856146,G#min,Bmaj
17.879366,G#min,Bmaj
17.902586,G#min,Bmaj
17.925804,G#min,Bmaj
17.949024,G#min,Bmaj
17.972244,G#min,Bmaj
17.995464,G#min,Bmaj
18.018684,G#min,Bmaj
18.041904,G#min,Bmaj
18.065125,G#min,Bmaj
18.088345,G#min,Bmaj
18.111565,G#min,Bmaj
18.134785,G#min,Bmaj
18.158005,G#min,Bmaj
18.181225,G#min,Bmaj
18.204445,G#min,Bmaj
18.227665,G#min,Bmaj
18.250885,G#min,Bmaj
18.274105,G#min,Bmaj
18.297325,G#min,Bmaj
18.320543,G#min,Bmaj
18.343763,G#min,Bmaj
18.366983,G#min,Emaj
18.390203,G#min,Emaj
18.413424,G#min,G#min
18.436644,G#min,G#min
18.459864,G#min,G#min
18.483084,G#min,G#min
18.506304,G#min,Bmaj
18.529524,G#min,Bmaj
18.552744,G#min,Emaj
18.575964,G#min,G#min
18.599184,G#min,G#min
18.622404,G#min,G#min
18.645624,G#min,G#min
18.668844,G#min,G#min
18.692064,G#min,G#min
18.715284,G#min,G#min
18.738503,G#min,G#min
18.761723,G#min,G#min
18.784943,G#min,G#min
18.808163,G#min,G#min
18.831383,G#min,G#min
18.854603,G#min,G#min
18.877823,G#min,G#min
18.901043,G#min,G#min
18.924263,G#min,G#min
18.947483,G#min,G#min
18.970703,G#min,G#min
18.993923,G#min,G#min
19.017143,G#min,G#min
19.040363,G#min,G#min
19.063583,G#min,Bmaj
19.086803,G#min,Bmaj
19.110023,G#min,Bmaj
19.133244,G#min,Bmaj
19.156462,G#min,Bmaj
19.179682,G#min,Bmaj
19.202902,G#min,Bmaj
19.226122,G#min,Bmaj
19.249342,G#min,Bmaj
19.272562,G#min,Bmaj
19.295782,G#min,Bmaj
19.319002,G#min,Bmaj
19.342222,G#min,Bmaj
19.365442,G#min,Bmaj
19.388662,G#min,Bmaj
19.411882,G#min,Bmaj
19.435102,G#min,G#min
19.458323,G#min,G#min
19.481543,G#min,G#min
19.504763,G#min,G#min
19.527983,G#min,G#min
19.5512,G#min,G#min
19.57442,G#min,G#min
19.597641,G#min,G#min
19.620861,G#min,G#min
19.644081,G#min,G#min
19.667301,G#min,G#min
19.690521,G#min,G#min
19.713741,G#min,G#min
19.736961,G#min,G#min
19.760181,G#min,G#min
19.783401,G#min,G#min
19.806622,G#min,G#min
19.829842,G#min,G#min
19.853062,G#min,G#min
19.876282,G#min,G#min
19.899502,G#min,G#min
19.922722,G#min,G#min
19.945942,G#min,G#min
19.96916,G#min,G#min
19.99238,G#min,G#min
20.0156,G#min,G#min
20.03882,G#min,G#min
20.06204,G#min,G#min
20.08526,G#min,G#min
20.10848,G#min,G#min
20.1317,G#min,G#min
20.15492,G#min,G#min
20.17814,G#min,Bmaj
20.20136,G#min,Bmaj
20.22458,G#min,Bmaj
20.2478,G#min,Bmaj
20.27102,G#min,Bmaj
20.29424,G#min,Bmaj
20.317461,G#min,Bmaj
20.340681,G#min,D#min
20.363901,G#min,D#min
20.38712,G#min,D#min
20.41034,G#min,D#min
20.43356,G#min,Bmaj
20.45678,G#min,Bmaj
20.48,G#min,Bmaj
20.50322,G#min,Bmaj
20.52644,G#min,Bmaj
20.54966,G#min,Bmaj
20.57288,G#min,Bmaj
20.5961,G#min,Bmaj
20.61932,G#min,Bmaj
20.64254,G#min,D#min
20.66576,G#min,D#min
20.68898,G#min,D#min
20.7122,G#min,D#min
20.73542,G#min,D#min
20.75864,G#min,D#min
20.78186,D#min,D#min
20.805079,D#min,D#min
20.828299,D#min,D#min
20.851519,D#min,D#min
20.874739,D#min,D#min
20.897959,D#min,D#min
20.921179,D#min,D#min
20.944399,D#min,Bmaj
20.967619,D#min,Bmaj
20.990839,D#min,Bmaj
21.01406,D#min,Bmaj
21.03728,D#min,Bmaj
21.0605,D#min,Bmaj
21.08372,D#min,Bmaj
21.10694,D#min,Bmaj
21.13016,D#min,Bmaj
21.15338,D#min,Bmaj
21.1766,D#min,Bmaj
21.199818,D#min,Bmaj
21.223038,D#min,Bmaj
21.246258,D#min,Bmaj
21.269478,D#min,Bmaj
21.292698,D#min,Bmaj
21.315918,D#min,Bmaj
21.339138,D#min,Bmaj
21.362358,D#min,Bmaj
21.385578,D#min,Bmaj
21.408798,D#min,Bmaj
21.432018,D#min,Bmaj
21.455238,D#min,Bmaj
21.478458,D#min,Bmaj
21.501678,D#min,Bmaj
21.524899,D#min,Bmaj
21.548119,D#min,Bmaj
21.571339,D#min,Bmaj
21.594559,D#min,Bmaj
21.617777,D#min,Bmaj
21.640997,D#min,F#maj
21.664217,D#min,F#maj
21.687437,D#min,F#maj
21.710657,D#min,F#maj
21.733877,D#min,F#maj
21.757097,D#min,F#maj
21.780317,D#min,F#maj
21.803537,D#min,F#maj
21.826757,D#min,F#maj
21.849977,D#min,F#maj
21.873198,D#min,F#maj
21.896418,D#min,F#maj
21.919638,D#min,F#maj
21.942858,D#min,F#maj
21.966078,D#min,F#maj
21.989298,D#min,F#maj
22.012518,D#min,F#maj
22.035736,D#min,F#maj
22.058956,D#min,F#maj
22.082176,D#min,F#maj
22.105396,D#min,F#maj
22.128616,D#min,F#maj
22.151836,D#min,F#maj
22.175056,D#min,F#maj
22.198277,D#min,F#maj
22.221497,D#min,F#maj
22.244717,D#min,F#maj
22.267937,D#min,F#maj
22.291157,D#min,F#maj
22.314377,D#min,F#maj
22.337597,D#min,F#maj
22.360817,D#min,F#maj
22.384037,D#min,F#maj
22.407257,D#min,F#maj
22.430477,D#min,F#maj
22.453695,D#min,F#maj
22.476915,D#min,F#maj
22.500135,D#min,F#maj
22.523355,D#min,F#maj
22.546576,D#min,F#maj
22.569796,D#min,F#maj
22.593016,D#min,F#maj
22.616236,D#min,F#maj
22.639456,D#min,F#maj
22.662676,D#min,F#maj
22.685896,D#min,F#maj
22.709116,D#min,F#maj
22.732336,D#min,F#maj
22.755556,D#min,F#maj
22.778776,D#min,F#maj
22.801996,D#min,F#maj
22.825216,D#min,Bmaj
22.848434,D#min,Bmaj
22.871655,D#min,F#maj
22.894875,D#min,F#maj
22.918095,D#min,F#maj
22.941315,D#min,F#maj
22.964535,D#min,F#maj
22.987755,D#min,F#maj
23.010975,D#min,F#maj
23.034195,D#min,F#maj
23.057415,D#min,F#maj
23.080635,D#min,F#maj
23.103855,D#min,F#maj
23.127075,D#min,F#maj
23.150295,D#min,F#maj
23.173515,D#min,F#maj
23.196735,D#min,F#maj
23.219955,D#min,F#maj
23.243176,D#min,F#maj
23.266394,D#min,F#maj
23.289614,D#min,F#maj
23.312834,D#min,F#maj
23.336054,D#min,F#maj
23.359274,D#min,D#min
23.382494,D#min,D#min
23.405714,D#min,D#min
23.428934,D#min,D#min
23.452154,D#min,D#min
23.475374,D#min,D#min
23.498594,D#min,D#min
23.521814,D#min,D#min
23.545034,D#min,D#min
23.568254,D#min,D#min
23.591475,D#min,D#min
23.614695,D#min,D#min
23.637915,D#min,D#min
23.661135,D#min,D#min
23.684353,D#min,D#min
23.707573,D#min,D#min
23.730793,D#min,D#min
23.754013,D#min,D#min
23.777233,D#min,D#min
23.800453,D#min,D#min
23.823673,D#min,D#min
23.846893,D#min,D#min
23.870113,D#min,D#min
23.893333,D#min,Emaj
23.916553,D#min,Emaj
23.939774,D#min,Emaj
23.962994,D#min,Emaj
23.986214,D#min,Emaj
24.009434,D#min,Emaj
24.032654,D#min,Emaj
24.055874,D#min,Emaj
24.079092,D#min,Emaj
24.102312,D#min,Emaj
24.125532,D#min,Emaj
24.148752,D#min,Emaj
24.171972,D#min,Emaj
24.195192,D#min,Emaj
24.218412,D#min,Emaj
24.241632,D#min,C#min
24.264853,C#min,C#min
24.288073,C#min,C#min
24.311293,C#min,C#min
24.334513,C#min,C#min
24.357733,C#min,C#min
24.380953,C#min,C#min
24.404173,C#min,C#min
24.427393,C#min,C#min
24.450613,C#min,C#min
24.473833,C#min,C#min
24.497051,C#min,C#min
24.520271,C#min,C#min
24.543491,C#min,C#min
24.566711,C#min,C#min
24.589931,C#min,C#min
24.613152,C#min,C#min
24.636372,C#min,C#min
24.659592,C#min,C#min
24.682812,C#min,C#min
24.706032,C#min,C#min
24.729252,C#min,C#min
24.752472,C#min,C#min
24.775692,C#min,C#min
24.798912,C#min,C#min
24.822132,C#min,C#min
24.845352,C#min,C#min
24.868572,C#min,C#min
24.891792,C#min,C#min
24.91501,C#min,C#min
24.93823,C#min,C#min
24.96145,C#min,C#min
24.98467,C#min,C#min
25.00789,C#min,C#min
25.03111,C#min,C#min
25.05433,C#min,C#min
25.07755,C#min,C#min
25.10077,C#min,C#min
25.123991,C#min,C#min
25.147211,C#min,C#min
25.170431,C#min,C#min
25.193651,C#min,C#min
25.216871,C#min,C#min
25.240091,C#min,C#min
25.263311,C#min,C#min
25.286531,C#min,C#min
25.309752,C#min,C#min
25.33297,C#min,C#min
25.35619,C#min,C#min
25.37941,C#min,C#min
25.40263,C#min,C#min
25.42585,C#min,C#min
25.44907,C#min,C#min
25.47229,C#min,C#min
25.49551,C#min,C#min
25.51873,C#min,C#min
25.54195,C#min,C#min
25.56517,C#min,C#min
25.58839,C#min,C#min
25.61161,C#min,C#min
25.63483,C#min,C#min
25.65805,C#min,C#min
25.68127,C#min,C#min
25.70449,C#min,C#min
25.727709,C#min,C#min
25.750929,C#min,C#min
25.774149,C#min,C#min
25.797369,C#min,C#min
25.82059,C#min,C#min
25.84381,C#min,C#min
25.86703,C#min,C#min
25.89025,C#min,C#min
25.91347,C#min,C#min
25.93669,C#min,C#min
25.95991,C#min,C#min
25.98313,C#min,C#min
26.00635,C#min,C#min
26.02957,C#min,C#min
26.05279,C#min,C#min
26.07601,C#min,C#min
26.09923,C#min,C#min
26.12245,C#min,C#min
26.145668,C#min,C#min
26.168888,C#min,C#min
26.192108,C#min,C#min
26.215328,C#min,C#min
26.238548,C#min,C#min
26.261768,C#min,C#min
26.284988,C#min,C#min
26.308208,C#min,C#min
26.331429,C#min,C#min
26.354649,C#min,C#min
26.377869,C#min,C#min
26.401089,C#min,C#min
26.424309,C#min,C#min
26.447529,C#min,C#min
26.470749,C#min,C#min
26.493969,C#min,C#min
26.517189,C#min,C#min
26.54041,C#min,C#min
26.563627,C#min,C#min
26.586847,C#min,C#min
26.610067,C#min,C#min
26.633287,C#min,C#min
26.656507,C#min,C#min
26.679728,C#min,C#min
26.702948,C#min,C#min
26.726168,C#min,C#min
26.749388,C#min,C#min
26.772608,C#min,C#min
26.795828,C#min,C#min
26.819048,C#min,C#min
26.842268,C#min,C#min
26.865488,C#min,C#min
26.888708,C#min,C#min
26.911928,C#min,C#min
26.935148,C#min,C#min
26.958366,C#min,C#min
26.981586,C#min,C#min
27.004807,C#min,C#min
27.028027,C#min,C#min
27.051247,C#min,C#min
27.074467,C#min,C#min
27.097687,C#min,C#min
27.120907,C#min,C#min
27.144127,C#min,C#min
27.167347,C#min,C#min
27.190567,C#min,C#min
27.213787,C#min,C#min
27.237007,C#min,C#min
27.260227,C#min,C#min
27.283447,C#min,G#min
27.306667,C#min,G#min
27.329887,C#min,G#min
27.353107,C#min,C#min
27.376326,C#min,C#min
27.399546,C#min,C#min
27.422766,C#min,C#min
27.445986,C#min,C#min
27.469206,C#min,C#min
27.492426,C#min,C#min
27.515646,C#min,C#min
27.538866,C#min,C#min
27.562086,C#min,C#min
27.585306,C#min,C#min
27.608526,C#min,C#min
27.631746,C#min,C#min
27.654966,C#min,C#min
27.678186,C#min,C#min
27.701406,C#min,G#min
27.724627,C#min,G#min
27.747847,G#min,G#min
27.771067,G#min,G#min
27.794285,G#min,G#min
27.817505,G#min,G#min
27.840725,G#min,G#min
27.863945,G#min,G#min
27.887165,G#min,G#min
27.910385,G#min,G#min
27.933605,G#min,G#min
27.956825,G#min,G#min
27.980045,G#min,G#min
28.003265,G#min,G#min
28.026485,G#min,G#min
28.049706,G#min,G#min
28.072926,G#min,G#min
28.096146,G#min,G#min
28.119366,G#min,G#min
28.142586,G#min,G#min
28.165806,G#min,G#min
28.189026,G#min,G#min
28.212244,G#min,G#min
28.235464,G#min,G#min
28.258684,G#min,G#min
28.281904,G#min,G#min
28.305124,G#min,G#min
28.328344,G#min,G#min
28.351564,G#min,G#min
28.374784,G#min,G#min
28.398005,G#min,G#min
28.421225,G#min,G#min
28.444445,G#min,G#min
28.467665,G#min,G#min
28.490885,G#min,G#min
28.514105,G#min,G#min
28.537325,G#min,G#min
28.560545,G#min,G#min
28.583765,G#min,G#min
28.606983,G#min,G#min
28.630203,G#min,G#min
28.653423,G#min,G#min
28.676643,G#min,G#min
28.699863,G#min,G#min
28.723083,G#min,G#min
28.746304,G#min,G#min
28.769524,G#min,G#min
28.792744,G#min,G#min
28.815964,G#min,G#min
28.839184,G#min,G#min
28.862404,G#min,G#min
28.885624,G#min,G#min
28.908844,G#min,G#min
28.932064,G#min,G#min
28.955284,G#min,G#min
28.978504,G#min,G#min
29.001724,G#min,G#min
29.024942,G#min,G#min
29.048162,G#min,G#min
29.071383,G#min,G#min
29.094603,G#min,G#min
29.117823,G#min,G#min
29.141043,G#min,G#min
29.164263,G#min,G#min
29.187483,G#min,G#min
29.210703,G#min,G#min
29.233923,G#min,G#min
29.257143,G#min,G#min
29.280363,G#min,G#min
29.303583,G#min,G#min
29.326803,G#min,G#min
29.350023,G#min,G#min
29.373243,G#min,G#min
29.396463,G#min,G#min
29.419683,G#min,G#min
29.442902,G#min,G#min
29.466122,F#maj,G#min
29.489342,F#maj,G#min
29.512562,F#maj,G#min
29.535782,F#maj,G#min
29.559002,F#maj,G#min
29.582222,F#maj,G#min
29.605442,F#maj,G#min
29.628662,F#maj,G#min
29.651882,F#maj,G#min
29.675102,F#maj,G#min
29.698322,F#maj,G#min
29.721542,F#maj,G#min
29.744762,F#maj,G#min
29.767982,F#maj,G#min
29.791203,F#maj,G#min
29.814423,F#maj,G#min
29.837643,F#maj,G#min
29.86086,F#maj,G#min
29.88408,F#maj,G#min
29.9073,F#maj,G#min
29.930521,F#maj,G#min
29.953741,F#maj,G#min
29.976961,F#maj,G#min
30.000181,F#maj,G#min
30.023401,F#maj,G#min
30.046621,F#maj,G#min
30.069841,F#maj,G#min
30.093061,F#maj,G#min
30.116282,F#maj,G#min
30.139502,F#maj,G#min
30.162722,F#maj,G#min
30.185942,F#maj,G#min
30.209162,F#maj,G#min
30.232382,F#maj,G#min
30.2556,F#maj,G#min
30.27882,F#maj,G#min
30.30204,F#maj,G#min
30.32526,F#maj,G#min
30.34848,F#maj,G#min
30.3717,F#maj,G#min
30.39492,F#maj,G#min
30.41814,F#maj,G#min
30.44136,F#maj,G#min
30.46458,F#maj,G#min
30.4878,F#maj,G#min
30.51102,F#maj,G#min
30.53424,F#maj,G#min
30.55746,F#maj,G#min
30.58068,F#maj,G#min
30.6039,F#maj,G#min
30.627121,F#maj,G#min
30.650341,F#maj,G#min
30.67356,F#maj,G#min
30.69678,F#maj,G#min
30.72,F#maj,G#min
30.74322,F#maj,G#min
30.76644,F#maj,G#min
30.78966,F#maj,G#min
30.81288,F#maj,G#min
30.8361,F#maj,G#min
30.85932,F#maj,G#min
30.88254,F#maj,G#min
30.90576,F#maj,G#min
30.92898,F#maj,G#min
30.9522,F#maj,G#min
30.97542,F#maj,G#min
30.99864,F#maj,G#min
31.02186,F#maj,G#min
31.04508,F#maj,G#min
31.0683,F#maj,G#min
31.091518,F#maj,G#min
31.114738,F#maj,G#min
31.137959,F#maj,G#min
31.161179,F#maj,G#min
31.184399,F#maj,G#min
31.207619,F#maj,G#min
31.230839,F#maj,F#maj
31.254059,F#maj,F#maj
31.277279,F#maj,C#min
31.300499,F#maj,C#min
31.323719,F#maj,C#min
31.34694,F#maj,C#min
31.37016,F#maj,C#min
31.39338,F#maj,C#min
31.4166,F#maj,C#min
31.43982,F#maj,C#min
31.46304,F#maj,C#min
31.486258,F#maj,C#min
31.509478,F#maj,C#min
31.532698,F#maj,C#min
31.555918,F#maj,C#min
31.579138,F#maj,C#min
31.602358,F#maj,F#maj
31.625578,F#maj,F#maj
31.648798,F#maj,F#maj
31.672018,F#maj,F#maj
31.695238,F#maj,F#maj
31.718458,F#maj,F#maj
31.741678,F#maj,F#maj
31.764898,F#maj,F#maj
31.788118,F#maj,F#maj
31.811338,F#maj,F#maj
31.834558,F#maj,F#maj
31.857779,F#maj,F#maj
31.880999,F#maj,F#maj
31.904217,F#maj,F#maj
31.927437,F#maj,F#maj
31.950657,F#maj,F#maj
31.973877,F#maj,F#maj
31.997097,F#maj,F#maj
32.020317,F#maj,F#maj
32.043537,F#maj,F#maj
32.066757,F#maj,F#maj
32.089977,F#maj,F#maj
32.113197,F#maj,F#maj
32.136417,F#maj,F#maj
32.159637,F#maj,F#maj
32.182858,F#maj,F#maj
32.206078,F#maj,F#maj
32.229298,F#maj,F#maj
32.252518,F#maj,F#maj
32.275738,F#maj,F#maj
32.298958,F#maj,F#maj
32.322178,F#maj,F#maj
32.345398,F#maj,F#maj
32.368618,F#maj,F#maj
32.391838,F#maj,F#maj
32.41506,F#maj,F#maj
32.43828,F#maj,F#maj
32.4615,F#maj,F#maj
32.48472,F#maj,F#maj
32.50794,F#maj,F#maj
32.531155,F#maj,F#maj
32.554375,F#maj,F#maj
32.577595,F#maj,F#maj
32.600815,F#maj,F#maj
32.624035,F#maj,F#maj
32.647255,F#maj,F#maj
32.670475,F#maj,F#maj
32.693695,F#maj,F#maj
32.716915,F#maj,F#maj
32.740135,F#maj,F#maj
32.763355,F#maj,F#maj
32.786575,F#maj,F#maj
32.809795,F#maj,F#maj
32.833015,F#maj,F#maj
32.856236,F#maj,F#maj
32.879456,F#maj,F#maj
32.902676,F#maj,F#maj
32.925896,F#maj,F#maj
32.949116,F#maj,F#maj
32.972336,F#maj,F#maj
32.995556,F#maj,F#maj
33.018776,F#maj,F#maj
33.041996,F#maj,F#maj
33.065216,F#maj,F#maj
33.088436,F#maj,F#maj
33.111656,F#maj,F#maj
33.134876,F#maj,F#maj
33.158096,F#maj,F#maj
33.181316,F#maj,F#maj
33.204536,F#maj,F#maj
33.227757,F#maj,F#maj
33.250977,F#maj,F#maj
33.274197,F#maj,F#maj
33.297417,F#maj,F#maj
33.320637,F#maj,F#maj
33.343853,F#maj,F#maj
33.367073,F#maj,F#maj
33.390293,F#maj,F#maj
33.413513,F#maj,F#maj
33.436733,F#maj,F#maj
33.459953,F#maj,F#maj
33.483173,F#maj,F#maj
33.506393,F#maj,F#maj
33.529613,F#maj,F#maj
33.552834,F#maj,F#maj
33.576054,F#maj,F#maj
33.599274,F#maj,F#maj
33.622494,F#maj,F#maj
33.645714,F#maj,F#maj
33.668934,F#maj,F#maj
33.692154,F#maj,F#maj
33.715374,F#maj,F#maj
33.738594,F#maj,F#maj
33.761814,F#maj,F#maj
33.785034,F#maj,F#maj
33.808254,F#maj,F#maj
33.831474,F#maj,F#maj
33.854694,F#maj,F#maj
33.877914,F#maj,F#maj
33.901134,F#maj,F#maj
33.924355,F#maj,F#maj
33.947575,F#maj,F#maj
33.970795,F#maj,F#maj
33.994015,F#maj,F#maj
34.017235,F#maj,F#maj
34.040455,F#maj,F#maj
34.063675,F#maj,F#maj
34.086895,F#maj,F#maj
34.110115,F#maj,F#maj
34.133335,F#maj,F#maj
34.156555,F#maj,F#maj
34.17977,F#maj,F#maj
34.20299,F#maj,F#maj
34.22621,F#maj,F#maj
34.24943,F#maj,Emaj
34.27265,F#maj,Emaj
34.29587,F#maj,F#maj
34.31909,F#maj,F#maj
34.34231,F#maj,F#maj
34.365532,F#maj,F#maj
34.388752,F#maj,F#maj
34.411972,F#maj,F#maj
34.435192,F#maj,F#maj
34.458412,F#maj,F#maj
34.481632,F#maj,F#maj
34.504852,F#maj,F#maj
34.528072,F#maj,F#maj
34.551292,F#maj,F#maj
34.574512,F#maj,F#maj
34.597733,F#maj,F#maj
34.620953,F#maj,F#maj
34.644173,F#maj,F#maj
34.667393,F#maj,F#maj
34.690613,Emaj,Emaj
34.713833,Emaj,Emaj
34.737053,Emaj,Emaj
34.760273,Emaj,Emaj
34.783493,Emaj,Emaj
34.806713,Emaj,Emaj
34.829933,Emaj,Emaj
34.853153,Emaj,Emaj
34.876373,Emaj,Emaj
34.899593,Emaj,Emaj
34.922813,Emaj,Emaj
34.946033,Emaj,Emaj
34.969254,Emaj,Emaj
34.99247,Emaj,Emaj
35.01569,Emaj,Emaj
35.03891,Emaj,Emaj
35.06213,Emaj,Emaj
35.08535,Emaj,Emaj
35.10857,Emaj,Emaj
35.13179,Emaj,Emaj
35.15501,Emaj,Emaj
35.17823,Emaj,Emaj
35.20145,Emaj,Emaj
35.22467,Emaj,Emaj
35.24789,Emaj,Emaj
35.27111,Emaj,Emaj
35.29433,Emaj,Emaj
35.31755,Emaj,Emaj
35.34077,Emaj,Emaj
35.36399,Emaj,Emaj
35.38721,Emaj,Emaj
35.41043,Emaj,Emaj
35.43365,Emaj,Emaj
35.45687,Emaj,Emaj
35.48009,Emaj,Emaj
35.50331,Emaj,Emaj
35.52653,Emaj,Emaj
35.54975,Emaj,Emaj
35.57297,Emaj,Emaj
35.59619,Emaj,Emaj
35.61941,Emaj,Emaj
35.64263,Emaj,Emaj
35.66585,Emaj,Emaj
35.68907,Emaj,Emaj
35.71229,Emaj,Emaj
35.73551,Emaj,Emaj
35.75873,Emaj,Emaj
35.78195,Emaj,Emaj
35.805172,Emaj,Emaj
35.82839,Emaj,Emaj
35.85161,Emaj,Emaj
35.87483,Emaj,Emaj
35.89805,Emaj,Emaj
35.92127,Emaj,Emaj
35.94449,Emaj,Emaj
35.96771,Emaj,Emaj
35.99093,Emaj,Emaj
36.01415,Emaj,Emaj
36.03737,Emaj,Emaj
36.06059,Emaj,Emaj
36.08381,Emaj,Emaj
36.10703,Emaj,Emaj
36.13025,Emaj,Emaj
36.15347,Emaj,Emaj
36.17669,Emaj,Emaj
36.19991,Emaj,Emaj
36.22313,Emaj,Emaj
36.24635,Emaj,Emaj
36.26957,Emaj,Emaj
36.29279,Emaj,Emaj
36.31601,Emaj,Emaj
36.33923,Emaj,Emaj
36.36245,Emaj,Emaj
36.38567,Emaj,Emaj
36.40889,Emaj,Emaj
36.43211,Emaj,Emaj
36.45533,Emaj,Emaj
36.47855,Emaj,Emaj
36.50177,Emaj,Emaj
36.52499,Emaj,Emaj
36.54821,Emaj,Emaj
36.57143,Emaj,Emaj
36.59465,Emaj,Emaj
36.61787,Emaj,Emaj
36.641087,Emaj,Emaj
36.664307,Emaj,Emaj
36.687527,Emaj,Emaj
36.710747,Emaj,Emaj
36.733967,Emaj,Emaj
36.757187,Emaj,Emaj
36.780407,Emaj,Emaj
36.803627,Emaj,Emaj
36.826847,Emaj,Emaj
36.850067,Emaj,Emaj
36.873287,Emaj,Emaj
36.896507,Emaj,Emaj
36.919727,Emaj,Emaj
36.942947,Emaj,Emaj
36.966167,Emaj,Emaj
36.989388,Emaj,Emaj
37.012608,Emaj,Emaj
37.035828,Emaj,Emaj
37.059048,Emaj,Emaj
37.082268,Emaj,Emaj
37.105488,Emaj,Emaj
37.128708,Emaj,Emaj
37.151928,Emaj,Emaj
37.175148,Emaj,Emaj
37.198368,Emaj,Emaj
37.22159,Emaj,Emaj
37.24481,Emaj,Emaj
37.26803,Emaj,Emaj
37.29125,Emaj,Emaj
37.31447,Emaj,Emaj
37.33769,Emaj,Emaj
37.36091,Emaj,Emaj
37.38413,Emaj,Emaj
37.40735,Emaj,Emaj
37.43057,Emaj,Emaj
37.453785,Emaj,Emaj
37.477005,Emaj,Emaj
37.500225,Emaj,Emaj
37.523445,Emaj,Emaj
37.546665,Emaj,Emaj
37.569885,Emaj,Emaj
37.593105,Emaj,Emaj
37.616325,Emaj,Emaj
37.639545,Emaj,Emaj
37.662766,Emaj,Emaj
37.685986,Emaj,Emaj
37.709206,Emaj,Emaj
37.732426,Emaj,Emaj
37.755646,Emaj,Emaj
37.778866,Emaj,Emaj
37.802086,Emaj,Emaj
37.825306,Emaj,Emaj
37.848526,Emaj,Emaj
37.871746,Emaj,Emaj
37.894966,Emaj,Emaj
37.918186,Emaj,Emaj
37.941406,Emaj,Emaj
37.964626,Emaj,Emaj
37.987846,Emaj,Emaj
38.011066,Emaj,Emaj
38.034286,Emaj,Emaj
38.057507,Emaj,Emaj
38.080727,Emaj,Emaj
38.103947,Emaj,Emaj
38.127167,Emaj,Emaj
38.150387,Emaj,Emaj
38.173607,G#min,Emaj
38.196827,G#min,Emaj
38.220047,G#min,Emaj
38.243267,G#min,Emaj
38.266487,G#min,Emaj
38.289703,G#min,Emaj
38.312923,G#min,Emaj
38.336143,G#min,Emaj
38.359364,G#min,Emaj
38.382584,G#min,Emaj
38.405804,G#min,Emaj
38.429024,G#min,Emaj
38.452244,G#min,Emaj
38.475464,G#min,Emaj
38.498684,G#min,Emaj
38.521904,G#min,Emaj
38.545124,G#min,Emaj
38.568344,G#min,Emaj
38.591564,G#min,Emaj
38.614784,G#min,Emaj
38.638004,G#min,Emaj
38.661224,G#min,Emaj
38.684444,G#min,Emaj
38.707664,G#min,Emaj
38.730885,G#min,Emaj
38.754105,G#min,Emaj
38.777325,G#min,Emaj
38.800545,G#min,Emaj
38.823765,G#min,Emaj
38.846985,G#min,Emaj
38.870205,G#min,Emaj
38.893425,G#min,Emaj
38.916645,G#min,Emaj
38.939865,G#min,Emaj
38.963085,G#min,Emaj
38.986305,G#min,Emaj
39.009525,G#min,Emaj
39.032745,G#min,Emaj
39.055965,G#min,Emaj
39.079185,G#min,Emaj
39.1024,G#min,Emaj
39.12562,G#min,Emaj
39.14884,G#min,Emaj
39.172062,G#min,Emaj
39.195282,G#min,Emaj
39.218502,G#min,Emaj
39.241722,G#min,Emaj
39.264942,G#min,Emaj
39.288162,G#min,Emaj
39.311382,G#min,Emaj
39.334602,G#min,Emaj
39.357822,G#min,Emaj
39.381042,G#min,Emaj
39.404263,G#min,Emaj
39.427483,G#min,Emaj
39.450703,G#min,Emaj
39.473923,G#min,Emaj
39.497143,G#min,Emaj
39.520363,G#min,Emaj
39.543583,G#min,Emaj
39.566803,G#min,Emaj
39.590023,G#min,Emaj
39.613243,G#min,Emaj
39.636463,G#min,Emaj
39.659683,G#min,Emaj
39.682903,G#min,Emaj
39.706123,G#min,Emaj
39.729343,G#min,Emaj
39.752563,G#min,Emaj
39.775784,G#min,Emaj
39.799004,G#min,Emaj
39.822224,G#min,Emaj
39.845444,G#min,Emaj
39.868664,G#min,G#min
39.891884,G#min,G#min
39.915104,G#min,G#min
39.93832,G#min,G#min
39.96154,G#min,G#min
39.98476,G#min,G#min
40.00798,G#min,G#min
40.0312,G#min,G#min
40.05442,G#min,G#min
40.07764,G#min,G#min
40.10086,G#min,G#min
40.12408,G#min,G#min
40.1473,G#min,Emaj
40.17052,G#min,Emaj
40.19374,G#min,Emaj
40.21696,G#min,Emaj
40.24018,G#min,Emaj
40.2634,G#min,Emaj
40.28662,G#min,Emaj
40.30984,G#min,Emaj
40.33306,G#min,G#min
40.35628,G#min,G#min
40.3795,G#min,G#min
40.40272,G#min,G#min
40.42594,G#min,Emaj
40.44916,G#min,Emaj
40.47238,G#min,G#min
40.4956,G#min,G#min
40.51882,G#min,G#min
40.54204,G#min,G#min
40.56526,G#min,G#min
40.58848,G#min,G#min
40.611702,G#min,G#min
40.634922,G#min,G#min
40.658142,G#min,G#min
40.681362,G#min,G#min
40.704582,G#min,G#min
40.727802,G#min,G#min
40.75102,G#min,G#min
40.77424,G#min,G#min
40.79746,G#min,G#min
40.82068,G#min,G#min
40.8439,G#min,G#min
40.86712,G#min,G#min
40.89034,G#min,G#min
40.91356,G#min,G#min
40.93678,G#min,G#min
40.96,G#min,G#min
40.98322,G#min,G#min
41.00644,G#min,G#min
41.02966,G#min,G#min
41.05288,G#min,G#min
41.0761,G#min,G#min
41.09932,G#min,G#min
41.12254,G#min,G#min
41.14576,G#min,G#min
41.16898,G#min,G#min
41.1922,G#min,G#min
41.21542,G#min,G#min
41.23864,G#min,G#min
41.26186,G#min,G#min
41.28508,G#min,G#min
41.3083,G#min,G#min
41.33152,G#min,G#min
41.35474,G#min,G#min
41.37796,G#min,G#min
41.40118,G#min,G#min
41.4244,G#min,G#min
41.44762,G#min,G#min
41.47084,G#min,G#min
41.49406,G#min,G#min
41.51728,G#min,G#min
41.5405,G#min,G#min
41.56372,G#min,G#min
41.586937,G#min,G#min
41.610157,G#min,G#min
41.633377,G#min,Emaj
41.656597,Emaj,Emaj
41.679817,Emaj,Emaj
41.703037,Emaj,Emaj
41.726257,Emaj,Emaj
41.749477,Emaj,Emaj
41.772697,Emaj,Emaj
41.795918,Emaj,Emaj
41.819138,Emaj,Emaj
41.842358,Emaj,Emaj
41.865578,Emaj,Emaj
41.888798,Emaj,Emaj
41.912018,Emaj,Emaj
41.935238,Emaj,Emaj
41.958458,Emaj,Emaj
41.981678,Emaj,Emaj
42.004898,Emaj,Emaj
42.02812,Emaj,Emaj
42.05134,Emaj,Emaj
42.07456,Emaj,Emaj
42.09778,Emaj,Emaj
42.121,Emaj,Emaj
42.14422,Emaj,Emaj
42.16744,Emaj,Emaj
42.19066,Emaj,Emaj
42.21388,Emaj,Emaj
42.2371,Emaj,Emaj
42.26032,Emaj,Emaj
42.28354,Emaj,Emaj
42.30676,Emaj,Emaj
42.32998,Emaj,Emaj
42.3532,Emaj,Emaj
42.37642,Emaj,Emaj
42.399635,Emaj,Emaj
42.422855,Emaj,Emaj
42.446075,Emaj,Emaj
42.469296,Emaj,Emaj
42.492516,Emaj,Emaj
42.515736,Emaj,Emaj
42.538956,Emaj,Emaj
42.562176,Emaj,Emaj
42.585396,Emaj,Emaj
42.608616,Emaj,Emaj
42.631836,Emaj,Emaj
42.655056,Emaj,Emaj
42.678276,Emaj,Emaj
42.701496,Emaj,Emaj
42.724716,Emaj,Emaj
42.747936,Emaj,Emaj
42.771156,Emaj,Emaj
42.794376,Emaj,Emaj
42.817596,Emaj,Emaj
42.840816,Emaj,Emaj
42.864037,Emaj,Emaj
42.887257,Emaj,Emaj
42.910477,Emaj,Emaj
42.933697,Emaj,Emaj
42.956917,Emaj,Emaj
42.980137,Emaj,Emaj
43.003357,Emaj,Emaj
43.026577,Emaj,Emaj
43.049797,Emaj,Emaj
43.073017,Emaj,Emaj
43.096237,Emaj,Emaj
43.119457,Emaj,Emaj
43.142677,Emaj,Emaj
43.165897,Emaj,Emaj
43.189117,Emaj,Emaj
43.212337,Emaj,Emaj
43.235554,Emaj,Emaj
43.258774,Emaj,Emaj
43.281994,Emaj,Emaj
43.305214,Emaj,Emaj
43.328434,Emaj,Emaj
43.351654,Emaj,Emaj
43.374874,Emaj,Emaj
43.398094,Emaj,Emaj
43.421314,Emaj,Emaj
43.444534,Emaj,Emaj
43.467754,Emaj,Emaj
43.490974,Emaj,Emaj
43.514194,Emaj,Emaj
43.537415,Emaj,Emaj
43.560635,Emaj,Emaj
43.583855,Emaj,Emaj
43.607075,Emaj,Emaj
43.630295,Emaj,Emaj
43.653515,Emaj,Emaj
43.676735,Emaj,Emaj
43.699955,Emaj,Emaj
43.723175,Emaj,Emaj
43.746395,Emaj,Emaj
43.769615,Emaj,Emaj
43.792835,Emaj,Emaj
43.816055,Emaj,Emaj
43.839275,Emaj,Emaj
43.862495,Emaj,Emaj
43.885715,Emaj,Emaj
43.908936,Emaj,Emaj
43.932156,Emaj,Emaj
43.955376,Emaj,Emaj
43.978596,Emaj,Emaj
44.001816,Emaj,Emaj
44.025036,Emaj,Emaj
44.048252,Emaj,Emaj
44.071472,Emaj,Emaj
44.094692,Emaj,Emaj
44.117912,Emaj,Emaj
44.141132,Emaj,Emaj
44.164352,Emaj,Emaj
44.187572,Emaj,Emaj
44.210793,Emaj,Emaj
44.234013,Emaj,Emaj
44.257233,Emaj,Emaj
44.280453,Emaj,Emaj
44.303673,Emaj,Emaj
44.326893,Emaj,Emaj
44.350113,Emaj,Emaj
44.373333,Emaj,Emaj
44.396553,Emaj,Emaj
44.419773,Emaj,Emaj
44.442993,Emaj,Emaj
44.466213,Emaj,Emaj
44.489433,Emaj,Emaj
44.512653,Emaj,Emaj
44.535873,Emaj,Emaj
44.559093,Emaj,Emaj
44.582314,Emaj,Emaj
44.605534,Emaj,Emaj
44.628754,Emaj,Emaj
44.651974,Emaj,Emaj
44.675194,Emaj,Emaj
44.698414,Emaj,Emaj
44.721634,Emaj,Emaj
44.744854,Emaj,Emaj
44.768074,Emaj,Emaj
44.791294,Emaj,Emaj
44.814514,Emaj,Emaj
44.837734,Emaj,Emaj
44.860954,Emaj,Emaj
44.88417,Emaj,Emaj
44.90739,Emaj,Emaj
44.93061,Emaj,Emaj
44.95383,Emaj,Emaj
44.97705,Emaj,Emaj
45.00027,Emaj,Emaj
45.02349,Emaj,Emaj
45.04671,Emaj,Emaj
45.06993,Emaj,Emaj
45.09315,Emaj,G#min
45.11637,Emaj,G#min
45.13959,G#min,G#min
45.16281,G#min,G#min
45.18603,G#min,G#min
45.20925,G#min,G#min
45.23247,G#min,G#min
45.25569,G#min,G#min
45.27891,G#min,G#min
45.30213,G#min,G#min
45.32535,G#min,G#min
45.34857,G#min,G#min
45.37179,G#min,G#min
45.39501,G#min,G#min
45.418232,G#min,G#min
45.441452,G#min,G#min
45.464672,G#min,Emaj
45.487892,G#min,Emaj
45.511112,G#min,Emaj
45.534332,G#min,G#min
45.557552,G#min,G#min
45.580772,G#min,G#min
45.603992,G#min,G#min
45.627213,G#min,Bmaj
45.650433,G#min,Bmaj
45.673653,G#min,Bmaj
45.69687,G#min,Bmaj
45.72009,G#min,Bmaj
45.74331,G#min,Bmaj
45.76653,G#min,Bmaj
45.78975,G#min,Bmaj
45.81297,G#min,Bmaj
45.83619,G#min,Bmaj
45.85941,G#min,Bmaj
45.88263,G#min,Bmaj
45.90585,G#min,Bmaj
45.92907,G#min,Bmaj
45.95229,G#min,Bmaj
45.97551,G#min,Bmaj
45.99873,G#min,Bmaj
46.02195,G#min,Bmaj
46.04517,G#min,Bmaj
46.06839,G#min,Bmaj
46.09161,G#min,Bmaj
46.11483,G#min,Bmaj
46.13805,G#min,Bmaj
46.16127,G#min,Bmaj
46.18449,G#min,Emaj
46.20771,G#min,Emaj
46.23093,G#min,Emaj
46.25415,G#min,Emaj
46.27737,G#min,G#min
46.30059,G#min,G#min
46.32381,G#min,Bmaj
46.34703,G#min,Bmaj
46.37025,G#min,Emaj
46.39347,G#min,G#min
46.41669,G#min,G#min
46.43991,G#min,G#min
46.46313,G#min,G#min
46.48635,G#min,G#min
46.509567,G#min,G#min
46.532787,G#min,G#min
46.556007,G#min,G#min
46.579227,G#min,G#min
46.602448,G#min,G#min
46.625668,G#min,G#min
46.648888,G#min,G#min
46.672108,G#min,G#min
46.695328,G#min,G#min
46.718548,G#min,G#min
46.741768,G#min,G#min
46.764988,G#min,G#min
46.788208,G#min,G#min
46.811428,G#min,G#min
46.83465,G#min,G#min
46.85787,G#min,G#min
46.88109,G#min,G#min
46.90431,G#min,G#min
46.92753,G#min,Bmaj
46.95075,G#min,Bmaj
46.97397,G#min,Bmaj
46.99719,G#min,Bmaj
47.02041,G#min,Bmaj
47.04363,G#min,Bmaj
47.06685,G#min,Bmaj
47.09007,G#min,Bmaj
47.11329,G#min,Bmaj
47.13651,G#min,Bmaj
47.15973,G#min,Bmaj
47.18295,G#min,Bmaj
47.20617,G#min,Bmaj
47.22939,G#min,G#min
47.25261,G#min,G#min
47.27583,G#min,G#min
47.29905,G#min,G#min
47.32227,G#min,G#min
47.345486,G#min,G#min
47.368706,G#min,G#min
47.391926,G#min,G#min
47.415146,G#min,G#min
47.438366,G#min,G#min
47.461586,G#min,G#min
47.484806,G#min,G#min
47.508026,G#min,G#min
47.531246,G#min,G#min
47.554466,G#min,G#min
47.577686,G#min,G#min
47.600906,G#min,G#min
47.624126,G#min,G#min
47.647346,G#min,G#min
47.670567,G#min,G#min
47.693787,G#min,G#min
47.717007,G#min,G#min
47.740227,G#min,G#min
47.763447,G#min,G#min
47.786667,G#min,G#min
47.809887,G#min,G#min
47.833107,G#min,G#min
47.856327,G#min,G#min
47.879547,G#min,G#min
47.902767,G#min,G#min
47.925987,G#min,G#min
47.949207,G#min,G#min
47.972427,G#min,G#min
47.995647,G#min,G#min
48.018867,G#min,G#min
48.042088,G#min,G#min
48.065308,G#min,G#min
48.088528,G#min,G#min
48.111748,G#min,G#min
48.134968,G#min,G#min
48.158184,G#min,Bmaj
48.181404,G#min,Bmaj
48.204624,G#min,Bmaj
48.227844,G#min,D#min
48.251064,G#min,G#min
48.274284,G#min,Bmaj
48.297504,G#min,Bmaj
48.320724,G#min,G#min
48.343945,G#min,G#min
48.367165,G#min,G#min
48.390385,G#min,G#min
48.413605,G#min,G#min
48.436825,G#min,G#min
48.460045,G#min,G#min
48.483265,G#min,G#min
48.506485,G#min,G#min
48.529705,G#min,D#min
48.552925,G#min,D#min
48.576145,G#min,D#min
48.599365,D#min,D#min
48.622585,D#min,D#min
48.645805,D#min,D#min
48.669025,D#min,D#min
48.692245,D#min,D#min
48.715466,D#min,D#min
48.738686,D#min,D#min
48.761906,D#min,D#min
48.785126,D#min,Bmaj
48.808346,D#min,Bmaj
48.831566,D#min,Bmaj
48.854786,D#min,Bmaj
48.878006,D#min,Bmaj
48.901226,D#min,Bmaj
48.924446,D#min,Bmaj
48.947666,D#min,Bmaj
48.970886,D#min,Bmaj
48.994102,D#min,Bmaj
49.017323,D#min,Bmaj
49.040543,D#min,Bmaj
49.063763,D#min,Bmaj
49.086983,D#min,Bmaj
49.110203,D#min,Bmaj
49.133423,D#min,Bmaj
49.156643,D#min,Bmaj
49.179863,D#min,Bmaj
49.203083,D#min,Bmaj
49.226303,D#min,Bmaj
49.249523,D#min,Bmaj
49.272743,D#min,Bmaj
49.295963,D#min,Bmaj
49.319183,D#min,Bmaj
49.342403,D#min,Bmaj
49.365623,D#min,Bmaj
49.388844,D#min,Bmaj
49.412064,D#min,Bmaj
49.435284,D#min,Bmaj
49.458504,D#min,F#maj
49.481724,D#min,F#maj
49.504944,D#min,F#maj
49.528164,D#min,F#maj
49.551384,D#min,F#maj
49.574604,D#min,F#maj
49.597824,D#min,F#maj
49.621044,D#min,F#maj
49.644264,D#min,F#maj
49.667484,D#min,F#maj
49.690704,D#min,F#maj
49.713924,D#min,F#maj
49.737144,D#min,F#maj
49.760365,D#min,F#maj
49.783585,D#min,F#maj
49.8068,D#min,F#maj
49.83002,D#min,F#maj
49.85324,D#min,F#maj
49.87646,D#min,F#maj
49.89968,D#min,F#maj
49.9229,D#min,F#maj
49.94612,D#min,F#maj
49.96934,D#min,F#maj
49.99256,D#min,F#maj
50.01578,D#min,F#maj
50.039,D#min,F#maj
50.06222,D#min,F#maj
50.08544,D#min,F#maj
50.10866,D#min,F#maj
50.13188,D#min,F#maj
50.1551,D#min,F#maj
50.17832,D#min,F#maj
50.20154,D#min,F#maj
50.224762,D#min,F#maj
50.247982,D#min,F#maj
50.271202,D#min,F#maj
50.294422,D#min,F#maj
50.317642,D#min,F#maj
50.340862,D#min,F#maj
50.364082,D#min,F#maj
50.387302,D#min,F#maj
50.410522,D#min,F#maj
50.433743,D#min,F#maj
50.456963,D#min,F#maj
50.480183,D#min,F#maj
50.503403,D#min,F#maj
50.526623,D#min,F#maj
50.549843,D#min,F#maj
50.573063,D#min,F#maj
50.596283,D#min,F#maj
50.619503,D#min,F#maj
50.64272,D#min,F#maj
50.66594,D#min,F#maj
50.68916,D#min,F#maj
50.71238,D#min,F#maj
50.7356,D#min,F#maj
50.75882,D#min,F#maj
50.78204,D#min,F#maj
50.80526,D#min,F#maj
50.82848,D#min,F#maj
50.8517,D#min,F#maj
50.87492,D#min,F#maj
50.89814,D#min,F#maj
50.92136,D#min,F#maj
50.94458,D#min,F#maj
50.9678,D#min,F#maj
50.99102,D#min,F#maj
51.01424,D#min,F#maj
51.03746,D#min,F#maj
51.06068,D#min,F#maj
51.0839,D#min,F#maj
51.10712,D#min,F#maj
51.13034,D#min,F#maj
51.15356,D#min,F#maj
51.17678,D#min,D#min
51.2,D#min,D#min
51.22322,D#min,D#min
51.24644,D#min,D#min
51.26966,D#min,D#min
51.29288,D#min,D#min
51.3161,D#min,D#min
51.33932,D#min,D#min
51.36254,D#min,D#min
51.38576,D#min,D#min
51.40898,D#min,D#min
51.4322,D#min,D#min
51.455418,D#min,D#min
51.478638,D#min,D#min
51.501858,D#min,D#min
51.525078,D#min,D#min
51.548298,D#min,D#min
51.571518,D#min,D#min
51.594738,D#min,D#min
51.617958,D#min,D#min
51.64118,D#min,D#min
51.6644,D#min,D#min
51.68762,D#min,D#min
51.71084,D#min,Emaj
51.73406,D#min,Emaj
51.75728,D#min,Emaj
51.7805,D#min,Emaj
51.80372,D#min,Emaj
51.82694,D#min,Emaj
51.85016,D#min,Emaj
51.87338,D#min,Emaj
51.8966,D#min,Emaj
51.91982,D#min,Emaj
51.94304,D#min,Emaj
51.96626,D#min,Emaj
51.98948,D#min,Emaj
52.0127,D#min,Emaj
52.03592,D#min,Emaj
52.05914,D#min,Emaj
52.08236,C#min,C#min
52.10558,C#min,C#min
52.1288,C#min,C#min
52.15202,C#min,C#min
52.17524,C#min,C#min
52.19846,C#min,C#min
52.22168,C#min,C#min
52.2449,C#min,C#min
52.26812,C#min,C#min
52.291336,C#min,C#min
52.314556,C#min,C#min
52.337776,C#min,C#min
52.360996,C#min,C#min
52.384216,C#min,C#min
52.407436,C#min,C#min
52.430656,C#min,C#min
52.453876,C#min,C#min
52.477097,C#min,C#min
52.500317,C#min,C#min
52.523537,C#min,C#min
52.546757,C#min,C#min
52.569977,C#min,C#min
52.593197,C#min,C#min
52.616417,C#min,C#min
52.639637,C#min,C#min
52.662857,C#min,C#min
52.686077,C#min,C#min
52.709297,C#min,C#min
52.732517,C#min,C#min
52.755737,C#min,C#min
52.778957,C#min,C#min
52.802177,C#min,C#min
52.825397,C#min,C#min
52.848618,C#min,C#min
52.871838,C#min,C#min
52.895058,C#min,C#min
52.918278,C#min,C#min
52.941498,C#min,C#min
52.964718,C#min,C#min
52.987938,C#min,C#min
53.011158,C#min,C#min
53.034378,C#min,C#min
53.0576,C#min,C#min
53.08082,C#min,C#min
53.104034,C#min,C#min
53.127254,C#min,C#min
53.150475,C#min,C#min
53.173695,C#min,C#min
53.196915,C#min,C#min
53.220135,C#min,C#min
53.243355,C#min,C#min
53.266575,C#min,C#min
53.289795,C#min,C#min
53.313015,C#min,C#min
53.336235,C#min,C#min
53.359455,C#min,C#min
53.382675,C#min,C#min
53.405895,C#min,C#min
53.429115,C#min,C#min
53.452335,C#min,C#min
53.475555,C#min,C#min
53.498775,C#min,C#min
53.521996,C#min,C#min
53.545216,C#min,C#min
53.568436,C#min,C#min
53.591656,C#min,C#min
53.614876,C#min,C#min
53.638096,C#min,C#min
53.661316,C#min,C#min
53.684536,C#min,C#min
53.707756,C#min,C#min
53.730976,C#min,C#min
53.754196,C#min,C#min
53.777416,C#min,C#min
53.800636,C#min,C#min
53.823856,C#min,C#min
53.847076,C#min,C#min
53.870296,C#min,C#min
53.893517,C#min,C#min
53.916733,C#min,C#min
53.939953,C#min,C#min
53.963173,C#min,C#min
53.986393,C#min,C#min
54.009613,C#min,C#min
54.032833,C#min,C#min
54.056053,C#min,C#min
54.079273,C#min,C#min
54.102493,C#min,C#min
54.125713,C#min,C#min
54.148933,C#min,C#min
54.172153,C#min,C#min
54.195374,C#min,C#min
54.218594,C#min,C#min
54.241814,C#min,C#min
54.265034,C#min,C#min
54.288254,C#min,C#min
54.311474,C#min,C#min
54.334694,C#min,C#min
54.357914,C#min,C#min
54.381134,C#min,C#min
54.404354,C#min,C#min
54.427574,C#min,C#min
54.450794,C#min,C#min
54.474014,C#min,C#min
54.497234,C#min,C#min
54.520454,C#min,C#min
54.543674,C#min,C#min
54.566895,C#min,C#min
54.590115,C#min,C#min
54.613335,C#min,C#min
54.636555,C#min,C#min
54.659775,C#min,C#min
54.682995,C#min,C#min
54.706215,C#min,C#min
54.729435,C#min,C#min
54.75265,C#min,C#min
54.77587,C#min,C#min
54.79909,C#min,C#min
54.82231,C#min,C#min
54.84553,C#min,C#min
54.86875,C#min,C#min
54.89197,C#min,C#min
54.91519,C#min,C#min
54.93841,C#min,C#min
54.96163,C#min,C#min
54.98485,C#min,C#min
55.00807,C#min,C#min
55.031292,C#min,C#min
55.054512,C#min,C#min
55.077732,C#min,C#min
55.100952,C#min,G#min
55.124172,C#min,G#min
55.147392,C#min,G#min
55.170612,C#min,G#min
55.193832,C#min,C#min
55.217052,C#min,C#min
55.240273,C#min,C#min
55.263493,C#min,C#min
55.286713,C#min,C#min
55.309933,C#min,C#min
55.333153,C#min,C#min
55.356373,C#min,C#min
55.379593,C#min,C#min
55.402813,C#min,C#min
55.426033,C#min,C#min
55.449253,C#min,C#min
55.472473,C#min,C#min
55.495693,C#min,C#min
55.518913,C#min,C#min
55.542133,C#min,G#min
55.56535,G#min,G#min
55.58857,G#min,G#min
55.61179,G#min,G#min
55.63501,G#min,G#min
55.65823,G#min,G#min
55.68145,G#min,G#min
55.70467,G#min,G#min
55.72789,G#min,G#min
55.75111,G#min,G#min
55.77433,G#min,G#min
55.79755,G#min,G#min
55.82077,G#min,G#min
55.84399,G#min,G#min
55.86721,G#min,G#min
55.89043,G#min,G#min
55.91365,G#min,G#min
55.93687,G#min,G#min
55.96009,G#min,G#min
55.98331,G#min,G#min
56.00653,G#min,G#min
56.02975,G#min,G#min
56.05297,G#min,G#min
56.07619,G#min,G#min
56.09941,G#min,G#min
56.12263,G#min,G#min
56.14585,G#min,G#min
56.16907,G#min,G#min
56.19229,G#min,G#min
56.21551,G#min,G#min
56.23873,G#min,G#min
56.26195,G#min,G#min
56.28517,G#min,G#min
56.30839,G#min,G#min
56.33161,G#min,G#min
56.35483,G#min,G#min
56.37805,G#min,G#min
56.401268,G#min,G#min
56.424488,G#min,G#min
56.44771,G#min,G#min
56.47093,G#min,G#min
56.49415,G#min,G#min
56.51737,G#min,G#min
56.54059,G#min,G#min
56.56381,G#min,G#min
56.58703,G#min,G#min
56.61025,G#min,G#min
56.63347,G#min,G#min
56.65669,G#min,G#min
56.67991,G#min,G#min
56.70313,G#min,G#min
56.72635,G#min,G#min
56.74957,G#min,G#min
56.77279,G#min,G#min
56.79601,G#min,G#min
56.81923,G#min,G#min
56.84245,G#min,G#min
56.86567,G#min,G#min
56.88889,G#min,G#min
56.91211,G#min,G#min
56.93533,G#min,G#min
56.95855,G#min,G#min
56.98177,G#min,G#min
57.00499,G#min,G#min
57.02821,G#min,G#min
57.05143,G#min,G#min
57.07465,G#min,G#min
57.09787,G#min,G#min
57.12109,G#min,G#min
57.14431,G#min,G#min
57.16753,G#min,G#min
57.19075,G#min,G#min
57.213966,G#min,G#min
57.237186,G#min,G#min
57.260406,G#min,G#min
57.283627,G#min,G#min
57.306847,F#maj,G#min
57.330067,F#maj,G#min
57.353287,F#maj,G#min
57.376507,F#maj,G#min
57.399727,F#maj,G#min
57.422947,F#maj,G#min
57.446167,F#maj,G#min
57.469387,F#maj,G#min
57.492607,F#maj,G#min
57.515827,F#maj,G#min
57.539047,F#maj,G#min
57.562267,F#maj,G#min
57.585487,F#maj,G#min
57.608707,F#maj,G#min
57.631927,F#maj,G#min
57.655148,F#maj,G#min
57.678368,F#maj,G#min
57.701588,F#maj,G#min
57.724808,F#maj,G#min
57.748028,F#maj,G#min
57.771248,F#maj,G#min
57.794468,F#maj,G#min
57.817688,F#maj,G#min
57.840908,F#maj,G#min
57.86413,F#maj,G#min
57.88735,F#maj,G#min
57.91057,F#maj,G#min
57.93379,F#maj,G#min
57.95701,F#maj,G#min
57.98023,F#maj,G#min
58.00345,F#maj,G#min
58.02667,F#maj,G#min
58.049885,F#maj,G#min
58.073105,F#maj,G#min
58.096325,F#maj,G#min
58.119545,F#maj,G#min
58.142765,F#maj,G#min
58.165985,F#maj,G#min
58.189205,F#maj,G#min
58.212425,F#maj,G#min
58.235645,F#maj,G#min
58.258865,F#maj,G#min
58.282085,F#maj,G#min
58.305305,F#maj,G#min
58.328526,F#maj,G#min
58.351746,F#maj,G#min
58.374966,F#maj,G#min
58.398186,F#maj,G#min
58.421406,F#maj,G#min
58.444626,F#maj,G#min
58.467846,F#maj,G#min
58.491066,F#maj,G#min
58.514286,F#maj,G#min
58.537506,F#maj,G#min
58.560726,F#maj,G#min
58.583946,F#maj,G#min
58.607166,F#maj,G#min
58.630386,F#maj,G#min
58.653606,F#maj,G#min
58.676826,F#maj,G#min
58.700047,F#maj,G#min
58.723267,F#maj,G#min
58.746487,F#maj,G#min
58.769707,F#maj,G#min
58.792927,F#maj,G#min
58.816147,F#maj,G#min
58.839367,F#maj,G#min
58.862583,F#maj,G#min
58.885803,F#maj,G#min
58.909023,F#maj,G#min
58.932243,F#maj,G#min
58.955463,F#maj,G#min
58.978683,F#maj,G#min
59.001904,F#maj,G#min
59.025124,F#maj,G#min
59.048344,F#maj,G#min
59.071564,F#maj,F#maj
59.094784,F#maj,F#maj
59.118004,F#maj,C#min
59.141224,F#maj,C#min
59.164444,F#maj,C#min
59.187664,F#maj,C#min
59.210884,F#maj,C#min
59.234104,F#maj,C#min
59.257324,F#maj,C#min
59.280544,F#maj,C#min
59.303764,F#maj,C#min
59.326984,F#maj,C#min
59.350204,F#maj,C#min
59.373425,F#maj,C#min
59.396645,F#maj,C#min
59.419865,F#maj,C#min
59.443085,F#maj,F#maj
59.466305,F#maj,F#maj
59.489525,F#maj,F#maj
59.512745,F#maj,F#maj
59.535965,F#maj,F#maj
59.559185,F#maj,F#maj
59.582405,F#maj,F#maj
59.605625,F#maj,F#maj
59.628845,F#maj,F#maj
59.652065,F#maj,F#maj
59.675285,F#maj,F#maj
59.6985,F#maj,F#maj
59.72172,F#maj,F#maj
59.74494,F#maj,F#maj
59.76816,F#maj,F#maj
59.79138,F#maj,F#maj
59.8146,F#maj,F#maj
59.837822,F#maj,F#maj
59.861042,F#maj,F#maj
59.884262,F#maj,F#maj
59.907482,F#maj,F#maj
59.930702,F#maj,F#maj
59.953922,F#maj,F#maj
59.977142,F#maj,F#maj
60.000362,F#maj,F#maj
60.023582,F#maj,F#maj
60.046803,F#maj,F#maj
60.070023,F#maj,F#maj
60.093243,F#maj,F#maj
60.116463,F#maj,F#maj
60.139683,F#maj,F#maj
60.162903,F#maj,F#maj
60.186123,F#maj,F#maj
60.209343,F#maj,F#maj
60.232563,F#maj,F#maj
60.255783,F#maj,F#maj
60.279003,F#maj,F#maj
60.302223,F#maj,F#maj
60.325443,F#maj,F#maj
60.348663,F#maj,F#maj
60.371883,F#maj,F#maj
60.395103,F#maj,F#maj
60.418324,F#maj,F#maj
60.441544,F#maj,F#maj
60.464764,F#maj,F#maj
60.487984,F#maj,F#maj
60.5112,F#maj,F#maj
60.53442,F#maj,F#maj
60.55764,F#maj,F#maj
60.58086,F#maj,F#maj
60.60408,F#maj,F#maj
60.6273,F#maj,F#maj
60.65052,F#maj,F#maj
60.67374,F#maj,F#maj
60.69696,F#maj,F#maj
60.72018,F#maj,F#maj
60.7434,F#maj,F#maj
60.76662,F#maj,F#maj
60.78984,F#maj,F#maj
60.81306,F#maj,F#maj
60.83628,F#maj,F#maj
60.8595,F#maj,F#maj
60.88272,F#maj,F#maj
60.90594,F#maj,F#maj
60.92916,F#maj,F#maj
60.95238,F#maj,F#maj
60.9756,F#maj,F#maj
60.99882,F#maj,F#maj
61.02204,F#maj,F#maj
61.04526,F#maj,F#maj
61.06848,F#maj,F#maj
61.0917,F#maj,F#maj
61.11492,F#maj,F#maj
61.13814,F#maj,F#maj
61.16136,F#maj,F#maj
61.18458,F#maj,F#maj
61.2078,F#maj,F#maj
61.23102,F#maj,F#maj
61.254242,F#maj,F#maj
61.277462,F#maj,F#maj
61.300682,F#maj,F#maj
61.323902,F#maj,F#maj
61.34712,F#maj,F#maj
61.37034,F#maj,F#maj
61.39356,F#maj,F#maj
61.41678,F#maj,F#maj
61.44,F#maj,F#maj
61.46322,F#maj,F#maj
61.48644,F#maj,F#maj
61.50966,F#maj,F#maj
61.53288,F#maj,F#maj
61.5561,F#maj,F#maj
61.57932,F#maj,F#maj
61.60254,F#maj,F#maj
61.62576,F#maj,F#maj
61.64898,F#maj,F#maj
61.6722,F#maj,F#maj
61.69542,F#maj,F#maj
61.71864,F#maj,F#maj
61.74186,F#maj,F#maj
61.76508,F#maj,F#maj
61.7883,F#maj,F#maj
61.81152,F#maj,F#maj
61.83474,F#maj,F#maj
61.85796,F#maj,F#maj
61.88118,F#maj,F#maj
61.9044,F#maj,F#maj
61.92762,F#maj,F#maj
61.95084,F#maj,F#maj
61.97406,F#maj,F#maj
61.99728,F#maj,F#maj
62.0205,F#maj,F#maj
62.04372,F#maj,F#maj
62.06694,F#maj,F#maj
62.09016,F#maj,F#maj
62.11338,F#maj,F#maj
62.1366,F#maj,F#maj
62.159817,F#maj,F#maj
62.183037,F#maj,F#maj
62.206257,F#maj,F#maj
62.229477,F#maj,F#maj
62.252697,F#maj,F#maj
62.275917,F#maj,F#maj
62.299137,F#maj,F#maj
62.322357,F#maj,F#maj
62.345577,F#maj,F#maj
62.368797,F#maj,F#maj
62.392017,F#maj,F#maj
62.415237,F#maj,F#maj
62.438457,F#maj,F#maj
62.461678,F#maj,F#maj
62.484898,F#maj,F#maj
62.508118,F#maj,Emaj
62.531338,Emaj,Emaj
62.554558,Emaj,Emaj
62.577778,Emaj,Emaj
62.600998,Emaj,Emaj
62.624218,Emaj,Emaj
62.647438,Emaj,Emaj
62.67066,Emaj,Emaj
62.69388,Emaj,Emaj
62.7171,Emaj,Emaj
62.74032,Emaj,Emaj
62.76354,Emaj,Emaj
62.78676,Emaj,Emaj
62.80998,Emaj,Emaj
62.8332,Emaj,Emaj
62.85642,Emaj,Emaj
62.87964,Emaj,Emaj
62.90286,Emaj,Emaj
62.92608,Emaj,Emaj
62.9493,Emaj,Emaj
62.972515,Emaj,Emaj
62.995735,Emaj,Emaj
63.018955,Emaj,Emaj
63.042175,Emaj,Emaj
63.065395,Emaj,Emaj
63.088615,Emaj,Emaj
63.111835,Emaj,Emaj
63.135056,Emaj,Emaj
63.158276,Emaj,Emaj
63.181496,Emaj,Emaj
63.204716,Emaj,Emaj
63.227936,Emaj,Emaj
63.251156,Emaj,Emaj
63.274376,Emaj,Emaj
63.297596,Emaj,Emaj
63.320816,Emaj,Emaj
63.344036,Emaj,Emaj
63.367256,Emaj,Emaj
63.390476,Emaj,Emaj
63.413696,Emaj,Emaj
63.436916,Emaj,Emaj
63.460136,Emaj,Emaj
63.483356,Emaj,Emaj
63.506577,Emaj,Emaj
63.529797,Emaj,Emaj
63.553017,Emaj,Emaj
63.576237,Emaj,Emaj
63.599457,Emaj,Emaj
63.622677,Emaj,Emaj
63.645897,Emaj,Emaj
63.669117,Emaj,Emaj
63.692337,Emaj,Emaj
63.715557,Emaj,Emaj
63.738777,Emaj,Emaj
63.761997,Emaj,Emaj
63.785217,Emaj,Emaj
63.808434,Emaj,Emaj
63.831654,Emaj,Emaj
63.854874,Emaj,Emaj
63.878094,Emaj,Emaj
63.901314,Emaj,Emaj
63.924534,Emaj,Emaj
63.947754,Emaj,Emaj
63.970974,Emaj,Emaj
63.994194,Emaj,Emaj
64.01742,Emaj,Emaj
64.040634,Emaj,Emaj
64.06386,Emaj,Emaj
64.087074,Emaj,Emaj
64.1103,Emaj,Emaj
64.133514,Emaj,Emaj
64.15674,Emaj,Emaj
64.179955,Emaj,Emaj
64.20318,Emaj,Emaj
64.226395,Emaj,Emaj
64.24961,Emaj,Emaj
64.272835,Emaj,Emaj
64.29605,Emaj,Emaj
64.319275,Emaj,Emaj
64.34249,Emaj,Emaj
64.365715,Emaj,Emaj
64.38893,Emaj,Emaj
64.412155,Emaj,Emaj
64.43537,Emaj,Emaj
64.458595,Emaj,Emaj
64.48181,Emaj,Emaj
64.505035,Emaj,Emaj
64.52825,Emaj,Emaj
64.551476,Emaj,Emaj
64.57469,Emaj,Emaj
64.597916,Emaj,Emaj
64.62113,Emaj,Emaj
64.644356,Emaj,Emaj
64.66757,Emaj,Emaj
64.690796,Emaj,Emaj
64.71401,Emaj,Emaj
64.737236,Emaj,Emaj
64.76045,Emaj,Emaj
64.783676,Emaj,Emaj
64.80689,Emaj,Emaj
64.83012,Emaj,Emaj
64.85333,Emaj,Emaj
64.87656,Emaj,Emaj
64.89977,Emaj,Emaj
64.923,Emaj,Emaj
64.94621,Emaj,Emaj
64.96944,Emaj,Emaj
64.99265,Emaj,Emaj
65.01588,Emaj,Emaj
65.03909,Emaj,Emaj
65.06231,Emaj,Emaj
65.08553,Emaj,Emaj
65.10875,Emaj,Emaj
65.13197,Emaj,Emaj
65.15519,Emaj,Emaj
65.17841,Emaj,Emaj
65.20163,Emaj,Emaj
65.22485,Emaj,Emaj
65.24807,Emaj,Emaj
65.27129,Emaj,Emaj
65.29451,Emaj,Emaj
65.31773,Emaj,Emaj
65.34095,Emaj,Emaj
65.364174,Emaj,Emaj
65.38739,Emaj,Emaj
65.410614,Emaj,Emaj
65.43383,Emaj,Emaj
65.457054,Emaj,Emaj
65.48027,Emaj,Emaj
65.503494,Emaj,Emaj
65.52671,Emaj,Emaj
65.549934,Emaj,Emaj
65.57315,Emaj,Emaj
65.596375,Emaj,Emaj
65.61959,Emaj,Emaj
65.642815,Emaj,Emaj
65.66603,Emaj,Emaj
65.689255,Emaj,Emaj
65.71247,Emaj,Emaj
65.735695,Emaj,Emaj
65.75891,Emaj,Emaj
65.782135,Emaj,Emaj
65.80535,Emaj,Emaj
65.828575,Emaj,Emaj
65.85179,Emaj,Emaj
65.87501,Emaj,Emaj
65.89823,Emaj,Emaj
65.92145,Emaj,Emaj
65.94467,Emaj,Emaj
65.96789,Emaj,Emaj
65.99111,G#min,Emaj
66.01433,G#min,Emaj
66.03755,G#min,Emaj
66.06077,G#min,Emaj
66.08399,G#min,Emaj
66.10721,G#min,Emaj
66.13043,G#min,Emaj
66.15365,G#min,Emaj
66.17687,G#min,Emaj
66.20009,G#min,Emaj
66.22331,G#min,Emaj
66.24653,G#min,Emaj
66.26975,G#min,Emaj
66.29297,G#min,Emaj
66.31619,G#min,Emaj
66.33941,G#min,Emaj
66.36263,G#min,Emaj
66.38585,G#min,Emaj
66.40907,G#min,Emaj
66.43229,G#min,Emaj
66.45551,G#min,Emaj
66.47873,G#min,Emaj
66.50195,G#min,Emaj
66.52517,G#min,Emaj
66.54839,G#min,Emaj
66.57161,G#min,Emaj
66.59483,G#min,Emaj
66.61805,G#min,Emaj
66.64127,G#min,Emaj
66.66449,G#min,Emaj
66.687706,G#min,Emaj
66.71093,G#min,Emaj
66.734146,G#min,Emaj
66.75737,G#min,Emaj
66.78059,G#min,Emaj
66.80381,G#min,Emaj
66.82703,G#min,Emaj
66.85025,G#min,Emaj
66.87347,G#min,Emaj
66.89669,G#min,Emaj
66.91991,G#min,Emaj
66.94313,G#min,Emaj
66.96635,G#min,Emaj
66.98957,G#min,Emaj
67.01279,G#min,Emaj
67.03601,G#min,Emaj
67.05923,G#min,Emaj
67.08245,G#min,Emaj
67.10567,G#min,Emaj
67.12889,G#min,Emaj
67.15211,G#min,Emaj
67.17533,G#min,Emaj
67.19855,G#min,Emaj
67.22177,G#min,Emaj
67.24499,G#min,Emaj
67.26821,G#min,Emaj
67.29143,G#min,Emaj
67.31465,G#min,Emaj
67.33787,G#min,Emaj
67.36109,G#min,Emaj
67.38431,G#min,Emaj
67.40753,G#min,Emaj
67.43075,G#min,Emaj
67.45397,G#min,Emaj
67.47719,G#min,Emaj
67.500404,G#min,Emaj
67.52363,G#min,Emaj
67.546844,G#min,Emaj
67.57007,G#min,Emaj
67.593285,G#min,Emaj
67.61651,G#min,Emaj
67.639725,G#min,Emaj
67.66295,G#min,Emaj
67.686165,G#min,Emaj
67.70939,G#min,G#min
67.732605,G#min,G#min
67.75583,G#min,G#min
67.779045,G#min,G#min
67.80227,G#min,G#min
67.825485,G#min,G#min
67.84871,G#min,G#min
67.871925,G#min,G#min
67.89515,G#min,G#min
67.918365,G#min,G#min
67.94159,G#min,Emaj
67.964806,G#min,Emaj
67.98803,G#min,Emaj
68.011246,G#min,Emaj
68.03447,G#min,Emaj
68.057686,G#min,Emaj
68.08091,G#min,Emaj
68.104126,G#min,Emaj
68.12735,G#min,Emaj
68.150566,G#min,G#min
68.17379,G#min,G#min
68.19701,G#min,G#min
68.22023,G#min,G#min
68.24345,G#min,G#min
68.26667,G#min,G#min
68.28989,G#min,G#min
68.31311,G#min,G#min
68.33633,G#min,G#min
68.35954,G#min,G#min
68.38277,G#min,G#min
68.40598,G#min,G#min
68.42921,G#min,G#min
68.45242,G#min,G#min
68.47565,G#min,G#min
68.49886,G#min,G#min
68.52209,G#min,G#min
68.5453,G#min,G#min
68.56853,G#min,G#min
68.59174,G#min,G#min
68.61497,G#min,G#min
68.63818,G#min,G#min
68.66141,G#min,G#min
68.68462,G#min,G#min
68.70785,G#min,G#min
68.731064,G#min,G#min
68.75429,G#min,G#min
68.777504,G#min,G#min
68.80073,G#min,G#min
68.823944,G#min,G#min
68.84717,G#min,G#min
68.870384,G#min,G#min
68.89361,G#min,G#min
68.916824,G#min,G#min
68.94005,G#min,G#min
68.963264,G#min,G#min
68.98649,G#min,G#min
69.009705,G#min,G#min
69.03293,G#min,G#min
69.056145,G#min,G#min
69.07937,G#min,G#min
69.102585,G#min,G#min
69.12581,G#min,G#min
69.149025,G#min,G#min
69.17224,G#min,G#min
69.195465,G#min,G#min
69.21868,G#min,G#min
69.241905,G#min,G#min
69.26512,G#min,G#min
69.288345,G#min,G#min
69.31156,G#min,G#min
69.334785,G#min,G#min
69.358,G#min,G#min
69.381226,G#min,G#min
69.40444,G#min,G#min
69.427666,G#min,G#min
69.45088,G#min,Emaj
69.474106,Emaj,Emaj
69.49732,Emaj,Emaj
69.520546,Emaj,Emaj
69.54376,Emaj,Emaj
69.566986,Emaj,Emaj
69.5902,Emaj,Emaj
69.61343,Emaj,Emaj
69.63664,Emaj,Emaj
69.65987,Emaj,Emaj
69.68308,Emaj,Emaj
69.70631,Emaj,Emaj
69.72952,Emaj,Emaj
69.75275,Emaj,Emaj
69.77596,Emaj,Emaj
69.79919,Emaj,Emaj
69.8224,Emaj,Emaj
69.84563,Emaj,Emaj
69.86884,Emaj,Emaj
69.89207,Emaj,Emaj
69.91528,Emaj,Emaj
69.93851,Emaj,Emaj
69.96172,Emaj,Emaj
69.98494,Emaj,Emaj
70.00816,Emaj,Emaj
70.03138,Emaj,Emaj
70.0546,Emaj,Emaj
70.07782,Emaj,Emaj
70.10104,Emaj,Emaj
70.12426,Emaj,Emaj
70.147484,Emaj,Emaj
70.1707,Emaj,Emaj
70.193924,Emaj,Emaj
70.21714,Emaj,Emaj
70.240364,Emaj,Emaj
70.26358,Emaj,Emaj
70.286804,Emaj,Emaj
70.31002,Emaj,Emaj
70.333244,Emaj,Emaj
70.35646,Emaj,Emaj
70.379684,Emaj,Emaj
70.4029,Emaj,Emaj
70.426125,Emaj,Emaj
70.44934,Emaj,Emaj
70.472565,Emaj,Emaj
70.49578,Emaj,Emaj
70.519005,Emaj,Emaj
70.54222,Emaj,Emaj
70.565445,Emaj,Emaj
70.58866,Emaj,Emaj
70.611885,Emaj,Emaj
70.6351,Emaj,Emaj
70.658325,Emaj,Emaj
70.68154,Emaj,Emaj
70.704765,Emaj,Emaj
70.72798,Emaj,Emaj
70.751205,Emaj,Emaj
70.77442,Emaj,Emaj
70.79764,Emaj,Emaj
70.82086,Emaj,Emaj
70.84408,Emaj,Emaj
70.8673,Emaj,Emaj
70.89052,Emaj,Emaj
70.91374,Emaj,Emaj
70.93696,Emaj,Emaj
70.96018,Emaj,Emaj
70.9834,Emaj,Emaj
71.00662,Emaj,Emaj
71.02984,Emaj,Emaj
71.05306,Emaj,Emaj
71.07628,Emaj,Emaj
71.0995,Emaj,Emaj
71.12272,Emaj,Emaj
71.14594,Emaj,Emaj
71.16916,Emaj,Emaj
71.19238,Emaj,Emaj
71.2156,Emaj,Emaj
71.23882,Emaj,Emaj
71.26204,Emaj,Emaj
71.28526,Emaj,Emaj
71.30848,Emaj,Emaj
71.3317,Emaj,Emaj
71.35492,Emaj,Emaj
71.37814,Emaj,Emaj
71.40136,Emaj,Emaj
71.42458,Emaj,Emaj
71.4478,Emaj,Emaj
71.47102,Emaj,Emaj
71.49424,Emaj,Emaj
71.51746,Emaj,Emaj
71.54068,Emaj,Emaj
71.5639,Emaj,Emaj
71.58712,Emaj,Emaj
71.610344,Emaj,Emaj
71.63356,Emaj,Emaj
71.65678,Emaj,Emaj
71.68,Emaj,Emaj
71.70322,Emaj,Emaj
71.72644,Emaj,Emaj
71.74966,Emaj,Emaj
71.77288,Emaj,Emaj
71.7961,Emaj,Emaj
71.81932,Emaj,Emaj
71.84254,Emaj,Emaj
71.86576,Emaj,Emaj
71.88898,Emaj,Emaj
71.9122,Emaj,Emaj
71.93542,Emaj,Emaj
71.95864,Emaj,Emaj
71.98186,Emaj,Emaj
72.00508,Emaj,Emaj
72.0283,Emaj,Emaj
72.05152,Emaj,Emaj
72.07474,Emaj,Emaj
72.09796,Emaj,Emaj
72.12118,Emaj,Emaj
72.1444,Emaj,Emaj
72.16762,Emaj,Emaj
72.19084,Emaj,Emaj
72.21406,Emaj,Emaj
72.23728,Emaj,Emaj
72.2605,Emaj,Emaj
72.28372,Emaj,Emaj
72.30694,Emaj,Emaj
72.33016,Emaj,Emaj
72.35338,Emaj,Emaj
72.3766,Emaj,Emaj
72.39982,Emaj,Emaj
72.42304,Emaj,Emaj
72.44626,Emaj,Emaj
72.469475,Emaj,Emaj
72.4927,Emaj,Emaj
72.515915,Emaj,Emaj
72.53914,Emaj,Emaj
72.562355,Emaj,Emaj
72.58558,Emaj,Emaj
72.608795,Emaj,Emaj
72.63202,Emaj,Emaj
72.655235,Emaj,Emaj
72.67846,Emaj,Emaj
72.701675,Emaj,Emaj
72.7249,Emaj,Emaj
72.748116,Emaj,Emaj
72.77134,Emaj,Emaj
72.794556,Emaj,Emaj
72.81778,Emaj,Emaj
72.840996,Emaj,Emaj
72.86422,Emaj,Emaj
72.887436,Emaj,Emaj
72.91066,Emaj,Emaj
72.933876,Emaj,G#min
72.9571,G#min,G#min
72.980316,G#min,G#min
73.00354,G#min,G#min
73.02676,G#min,G#min
73.04998,G#min,G#min
73.0732,G#min,G#min
73.09642,G#min,G#min
73.11964,G#min,G#min
73.14286,G#min,G#min
73.16608,G#min,G#min
73.1893,G#min,G#min
73.21252,G#min,G#min
73.23574,G#min,G#min
73.25896,G#min,G#min
73.28217,G#min,G#min
73.3054,G#min,Emaj
73.32861,G#min,G#min
73.35184,G#min,G#min
73.37505,G#min,G#min
73.39828,G#min,G#min
73.42149,G#min,G#min
73.44472,G#min,G#min
73.46793,G#min,G#min
73.49116,G#min,Bmaj
73.51437,G#min,Bmaj
73.5376,G#min,Bmaj
73.560814,G#min,Bmaj
73.58404,G#min,Bmaj
73.607254,G#min,Bmaj
73.63048,G#min,Bmaj
73.653694,G#min,Bmaj
73.67692,G#min,Bmaj
73.700134,G#min,Bmaj
73.72336,G#min,Bmaj
73.746574,G#min,Bmaj
73.7698,G#min,Bmaj
73.793015,G#min,G#min
73.81624,G#min,G#min
73.839455,G#min,G#min
73.86268,G#min,G#min
73.885895,G#min,G#min
73.90912,G#min,G#min
73.932335,G#min,G#min
73.95556,G#min,G#min
73.978775,G#min,G#min
74.002,G#min,G#min
74.025215,G#min,G#min
74.04844,G#min,G#min
74.071655,G#min,G#min
74.09487,G#min,G#min
74.118095,G#min,G#min
74.14131,G#min,G#min
74.164536,G#min,G#min
74.18775,G#min,G#min
74.210976,G#min,G#min
74.23419,G#min,G#min
74.257416,G#min,G#min
74.28063,G#min,G#min
74.303856,G#min,G#min
74.32707,G#min,G#min
74.350296,G#min,G#min
74.37351,G#min,G#min
74.396736,G#min,G#min
74.41995,G#min,G#min
74.44318,G#min,G#min
74.46639,G#min,G#min
74.48962,G#min,G#min
74.51283,G#min,G#min
74.53606,G#min,G#min
74.55927,G#min,G#min
74.5825,G#min,G#min
74.60571,G#min,G#min
74.62894,G#min,G#min
74.65215,G#min,G#min
74.67538,G#min,G#min
74.69859,G#min,G#min
74.72182,G#min,G#min
74.74503,G#min,G#min
74.76826,G#min,G#min
74.79147,G#min,G#min
74.8147,G#min,G#min
74.83791,G#min,Bmaj
74.86114,G#min,Bmaj
74.88435,G#min,Bmaj
74.90757,G#min,Bmaj
74.93079,G#min,Bmaj
74.95401,G#min,Bmaj
74.977234,G#min,Bmaj
75.00045,G#min,G#min
75.023674,G#min,G#min
75.04689,G#min,G#min
75.070114,G#min,G#min
75.09333,G#min,G#min
75.116554,G#min,G#min
75.13977,G#min,G#min
75.162994,G#min,G#min
75.18621,G#min,G#min
75.209435,G#min,G#min
75.23265,G#min,G#min
75.255875,G#min,G#min
75.27909,G#min,G#min
75.302315,G#min,G#min
75.32553,G#min,G#min
75.348755,G#min,G#min
75.37197,G#min,G#min
75.395195,G#min,G#min
75.41841,G#min,G#min
75.441635,G#min,G#min
75.46485,G#min,G#min
75.488075,G#min,G#min
75.51129,G#min,G#min
75.534515,G#min,G#min
75.55773,G#min,G#min
75.580956,G#min,G#min
75.60417,G#min,G#min
75.627396,G#min,G#min
75.65061,G#min,G#min
75.673836,G#min,G#min
75.69705,G#min,G#min
75.720276,G#min,G#min
75.74349,G#min,G#min
75.76671,G#min,G#min
75.78993,G#min,G#min
75.81315,G#min,G#min
75.83637,G#min,G#min
75.85959,G#min,Bmaj
75.88281,G#min,Bmaj
75.90603,G#min,Bmaj
75.92925,G#min,Bmaj
75.95247,G#min,Bmaj
75.97569,G#min,Bmaj
75.99891,G#min,D#min
76.02213,G#min,D#min
76.04535,G#min,D#min
76.06857,G#min,D#min
76.09179,G#min,Bmaj
76.11501,G#min,Bmaj
76.13823,G#min,Bmaj
76.16145,G#min,Bmaj
76.18467,G#min,Bmaj
76.20789,G#min,G#min
76.23111,G#min,G#min
76.25433,G#min,G#min
76.27755,G#min,G#min
76.30077,G#min,D#min
76.32399,G#min,D#min
76.34721,G#min,D#min
76.37043,G#min,D#min
76.393654,G#min,D#min
76.41687,G#min,D#min
76.440094,D#min,D#min
76.46331,D#min,D#min
76.486534,D#min,D#min
76.50975,D#min,D#min
76.532974,D#min,Bmaj
76.55619,D#min,Bmaj
76.57941,D#min,Bmaj
76.60263,D#min,Bmaj
76.62585,D#min,Bmaj
76.64907,D#min,Bmaj
76.67229,D#min,Bmaj
76.69551,D#min,Bmaj
76.71873,D#min,Bmaj
76.74195,D#min,Bmaj
76.76517,D#min,Bmaj
76.78839,D#min,Bmaj
76.81161,D#min,Bmaj
76.83483,D#min,Bmaj
76.85805,D#min,Bmaj
76.88127,D#min,Bmaj
76.90449,D#min,Bmaj
76.92771,D#min,Bmaj
76.95093,D#min,Bmaj
76.97415,D#min,Bmaj
76.99737,D#min,Bmaj
77.02059,D#min,Bmaj
77.04381,D#min,Bmaj
77.06703,D#min,Bmaj
77.09025,D#min,Bmaj
77.11347,D#min,Bmaj
77.13669,D#min,Bmaj
77.15991,D#min,Bmaj
77.18313,D#min,Bmaj
77.20635,D#min,Bmaj
77.22957,D#min,Bmaj
77.25279,D#min,Bmaj
77.27601,D#min,F#maj
77.29923,D#min,F#maj
77.32245,D#min,F#maj
77.34567,D#min,F#maj
77.36889,D#min,F#maj
77.392105,D#min,F#maj
77.41533,D#min,F#maj
77.438545,D#min,F#maj
77.46177,D#min,F#maj
77.484985,D#min,F#maj
77.50821,D#min,F#maj
77.531425,D#min,F#maj
77.55465,D#min,F#maj
77.577866,D#min,F#maj
77.60109,D#min,F#maj
77.624306,D#min,F#maj
77.64753,D#min,F#maj
77.670746,D#min,F#maj
77.69397,D#min,F#maj
77.717186,D#min,F#maj
77.74041,D#min,F#maj
77.763626,D#min,F#maj
77.78685,D#min,F#maj
77.81007,D#min,F#maj
77.83329,D#min,F#maj
77.85651,D#min,F#maj
77.87973,D#min,F#maj
77.90295,D#min,F#maj
77.92617,D#min,F#maj
77.94939,D#min,F#maj
77.97261,D#min,F#maj
77.99583,D#min,F#maj
78.01905,D#min,F#maj
78.04227,D#min,F#maj
78.06549,D#min,F#maj
78.08871,D#min,F#maj
78.11193,D#min,F#maj
78.13515,D#min,F#maj
78.15837,D#min,F#maj
78.18159,D#min,F#maj
78.2048,D#min,F#maj
78.22803,D#min,F#maj
78.25124,D#min,F#maj
78.27447,D#min,F#maj
78.29768,D#min,Bmaj
78.32091,D#min,Bmaj
78.344124,D#min,Bmaj
78.36735,D#min,F#maj
78.390564,D#min,Bmaj
78.41379,D#min,Bmaj
78.437004,D#min,Bmaj
78.46023,D#min,Bmaj
78.483444,D#min,Bmaj
78.50667,D#min,Bmaj
78.529884,D#min,Bmaj
78.55311,D#min,Bmaj
78.576324,D#min,F#maj
78.59955,D#min,F#maj
78.622765,D#min,F#maj
78.64599,D#min,F#maj
78.669205,D#min,F#maj
78.69243,D#min,F#maj
78.715645,D#min,F#maj
78.73887,D#min,F#maj
78.762085,D#min,F#maj
78.78531,D#min,F#maj
78.808525,D#min,F#maj
78.83175,D#min,Bmaj
78.854965,D#min,Bmaj
78.87819,D#min,F#maj
78.901405,D#min,F#maj
78.92463,D#min,Bmaj
78.947845,D#min,Bmaj
78.97107,D#min,Bmaj
78.994286,D#min,Bmaj
79.01751,D#min,D#min
79.040726,D#min,D#min
79.06394,D#min,D#min
79.087166,D#min,D#min
79.11038,D#min,D#min
79.133606,D#min,D#min
79.15682,D#min,D#min
79.180046,D#min,D#min
79.20326,D#min,D#min
79.22649,D#min,D#min
79.2497,D#min,D#min
79.27293,D#min,D#min
79.29614,D#min,D#min
79.31937,D#min,D#min
79.34258,D#min,D#min
79.36581,D#min,D#min
79.38902,D#min,D#min
79.41225,D#min,D#min
79.43546,D#min,D#min
79.45869,D#min,D#min
79.4819,D#min,D#min
79.50513,D#min,D#min
79.52834,D#min,D#min
79.55157,D#min,Emaj
79.57478,D#min,Emaj
79.59801,D#min,Emaj
79.62122,D#min,Emaj
79.64445,D#min,Emaj
79.66766,D#min,Emaj
79.69089,D#min,Emaj
79.7141,D#min,Emaj
79.73733,D#min,Emaj
79.760544,D#min,Emaj
79.78377,D#min,Emaj
79.806984,D#min,Emaj
79.83021,D#min,Emaj
79.853424,D#min,Emaj
79.87664,D#min,Emaj
79.899864,D#min,C#min
79.92308,C#min,C#min
79.946304,C#min,C#min
79.96952,C#min,C#min
79.992744,C#min,C#min
80.01596,C#min,C#min
80.039185,C#min,C#min
80.0624,C#min,C#min
80.085625,C#min,C#min
80.10884,C#min,C#min
80.132065,C#min,C#min
80.15528,C#min,C#min
80.178505,C#min,C#min
80.20172,C#min,C#min
80.224945,C#min,C#min
80.24816,C#min,C#min
80.271385,C#min,C#min
80.2946,C#min,C#min
80.317825,C#min,C#min
80.34104,C#min,C#min
80.364265,C#min,C#min
80.38748,C#min,C#min
80.410706,C#min,C#min
80.43392,C#min,C#min
80.457146,C#min,C#min
80.48036,C#min,C#min
80.503586,C#min,C#min
80.5268,C#min,C#min
80.550026,C#min,C#min
80.57324,C#min,C#min
80.596466,C#min,C#min
80.61968,C#min,C#min
80.64291,C#min,C#min
80.66612,C#min,C#min
80.68934,C#min,C#min
80.71256,C#min,C#min
80.73578,C#min,C#min
80.759,C#min,C#min
80.78222,C#min,C#min
80.80544,C#min,C#min
80.82866,C#min,C#min
80.85188,C#min,C#min
80.8751,C#min,C#min
80.89832,C#min,C#min
80.92154,C#min,C#min
80.94476,C#min,C#min
80.96798,C#min,C#min
80.9912,C#min,C#min
81.01442,C#min,C#min
81.03764,C#min,C#min
81.06086,C#min,C#min
81.08408,C#min,C#min
81.1073,C#min,C#min
81.13052,C#min,C#min
81.15374,C#min,C#min
81.17696,C#min,C#min
81.20018,C#min,C#min
81.223404,C#min,C#min
81.24662,C#min,C#min
81.269844,C#min,C#min
81.29306,C#min,C#min
81.316284,C#min,C#min
81.3395,C#min,C#min
81.362724,C#min,C#min
81.38594,C#min,C#min
81.409164,C#min,C#min
81.43238,C#min,C#min
81.455605,C#min,C#min
81.47882,C#min,C#min
81.50204,C#min,C#min
81.52526,C#min,C#min
81.54848,C#min,C#min
81.5717,C#min,C#min
81.59492,C#min,C#min
81.61814,C#min,C#min
81.64136,C#min,C#min
81.66458,C#min,C#min
81.6878,C#min,C#min
81.71102,C#min,C#min
81.73424,C#min,C#min
81.75746,C#min,C#min
81.78068,C#min,C#min
81.8039,C#min,C#min
81.82712,C#min,C#min
81.85034,C#min,C#min
81.87356,C#min,C#min
81.89678,C#min,C#min
81.92,C#min,C#min
81.94322,C#min,C#min
81.96644,C#min,C#min
81.98966,C#min,C#min
82.01288,C#min,C#min
82.0361,C#min,C#min
82.05932,C#min,C#min
82.08254,C#min,C#min
82.10576,C#min,C#min
82.12898,C#min,C#min
82.1522,C#min,C#min
82.17542,C#min,C#min
82.19864,C#min,C#min
82.22186,C#min,C#min
82.24508,C#min,C#min
82.2683,C#min,C#min
82.29152,C#min,C#min
82.31474,C#min,C#min
82.33796,C#min,C#min
82.361176,C#min,C#min
82.3844,C#min,C#min
82.407616,C#min,C#min
82.43084,C#min,C#min
82.454056,C#min,C#min
82.47728,C#min,C#min
82.500496,C#min,C#min
82.52372,C#min,C#min
82.546936,C#min,C#min
82.57016,C#min,C#min
82.593376,C#min,C#min
82.6166,C#min,C#min
82.63982,C#min,C#min
82.66304,C#min,C#min
82.68626,C#min,C#min
82.70948,C#min,C#min
82.7327,C#min,C#min
82.75592,C#min,C#min
82.77914,C#min,C#min
82.80236,C#min,C#min
82.82558,C#min,C#min
82.8488,C#min,C#min
82.87202,C#min,C#min
82.89524,C#min,C#min
82.91846,C#min,C#min
82.94168,C#min,G#min
82.9649,C#min,G#min
82.98812,C#min,G#min
83.01134,C#min,C#min
83.03456,C#min,C#min
83.05778,C#min,C#min
83.081,C#min,C#min
83.10422,C#min,C#min
83.12744,C#min,C#min
83.15066,C#min,C#min
83.173874,C#min,C#min
83.1971,C#min,C#min
83.220314,C#min,C#min
83.24354,C#min,C#min
83.266754,C#min,C#min
83.28998,C#min,C#min
83.313194,C#min,C#min
83.33642,C#min,C#min
83.359634,C#min,G#min
83.38286,G#min,G#min
83.406075,G#min,G#min
83.4293,G#min,G#min
83.452515,G#min,G#min
83.47574,G#min,G#min
83.498955,G#min,G#min
83.52218,G#min,G#min
83.545395,G#min,G#min
83.56862,G#min,G#min
83.591835,G#min,G#min
83.61506,G#min,G#min
83.638275,G#min,G#min
83.6615,G#min,G#min
83.684715,G#min,G#min
83.70794,G#min,G#min
83.731155,G#min,G#min
83.75438,G#min,G#min
83.777596,G#min,G#min
83.80082,G#min,G#min
83.824036,G#min,G#min
83.84726,G#min,G#min
83.870476,G#min,G#min
83.8937,G#min,G#min
83.916916,G#min,G#min
83.94014,G#min,G#min
83.963356,G#min,G#min
83.98657,G#min,G#min
84.009796,G#min,G#min
84.03301,G#min,G#min
84.05624,G#min,G#min
84.07945,G#min,G#min
84.10268,G#min,G#min
84.12589,G#min,G#min
84.14912,G#min,G#min
84.17233,G#min,G#min
84.19556,G#min,G#min
84.21877,G#min,G#min
84.242,G#min,G#min
84.26521,G#min,G#min
84.28844,G#min,G#min
84.31165,G#min,G#min
84.33488,G#min,G#min
84.35809,G#min,G#min
84.38132,G#min,G#min
84.40453,G#min,G#min
84.42776,G#min,G#min
84.45097,G#min,G#min
84.4742,G#min,G#min
84.49741,G#min,G#min
84.52064,G#min,G#min
84.54385,G#min,G#min
84.56708,G#min,G#min
84.590294,G#min,G#min
84.61352,G#min,G#min
84.636734,G#min,G#min
84.65996,G#min,G#min
84.683174,G#min,G#min
84.7064,G#min,G#min
84.729614,G#min,G#min
84.75284,G#min,G#min
84.776054,G#min,G#min
84.79927,G#min,G#min
84.822495,G#min,G#min
84.84571,G#min,G#min
84.868935,G#min,G#min
84.89215,G#min,G#min
84.915375,G#min,G#min
84.93859,G#min,G#min
84.961815,G#min,G#min
84.98503,G#min,G#min
85.008255,G#min,G#min
85.03147,G#min,G#min
85.054695,G#min,G#min
85.07791,G#min,G#min
85.101135,G#min,G#min
85.12435,F#maj,G#min
85.147575,F#maj,G#min
85.17079,F#maj,G#min
85.194016,F#maj,G#min
85.21723,F#maj,G#min
85.240456,F#maj,G#min
85.26367,F#maj,G#min
85.286896,F#maj,G#min
85.31011,F#maj,G#min
85.333336,F#maj,G#min
85.35655,F#maj,G#min
85.379776,F#maj,G#min
85.40299,F#maj,G#min
85.426216,F#maj,G#min
85.44943,F#maj,G#min
85.47266,F#maj,G#min
85.49587,F#maj,G#min
85.5191,F#maj,G#min
85.54231,F#maj,G#min
85.56554,F#maj,G#min
85.58875,F#maj,G#min
85.61197,F#maj,G#min
85.63519,F#maj,G#min
85.65841,F#maj,G#min
85.68163,F#maj,G#min
85.70485,F#maj,G#min
85.72807,F#maj,G#min
85.75129,F#maj,G#min
85.77451,F#maj,G#min
85.79773,F#maj,G#min
85.82095,F#maj,G#min
85.84417,F#maj,G#min
85.86739,F#maj,G#min
85.89061,F#maj,G#min
85.91383,F#maj,G#min
85.93705,F#maj,G#min
85.96027,F#maj,G#min
85.98349,F#maj,G#min
86.006714,F#maj,G#min
86.02993,F#maj,G#min
86.053154,F#maj,G#min
86.07637,F#maj,G#min
86.099594,F#maj,G#min
86.12281,F#maj,G#min
86.146034,F#maj,G#min
86.16925,F#maj,G#min
86.192474,F#maj,G#min
86.21569,F#maj,G#min
86.238914,F#maj,G#min
86.26213,F#maj,G#min
86.285355,F#maj,G#min
86.30857,F#maj,G#min
86.331795,F#maj,G#min
86.35501,F#maj,G#min
86.378235,F#maj,G#min
86.40145,F#maj,G#min
86.424675,F#maj,G#min
86.44789,F#maj,G#min
86.47111,F#maj,G#min
86.49433,F#maj,G#min
86.51755,F#maj,G#min
86.54077,F#maj,G#min
86.56399,F#maj,G#min
86.58721,F#maj,G#min
86.61043,F#maj,G#min
86.63365,F#maj,G#min
86.65687,F#maj,G#min
86.68009,F#maj,G#min
86.70331,F#maj,G#min
86.72653,F#maj,G#min
86.74975,F#maj,G#min
86.77297,F#maj,G#min
86.79619,F#maj,G#min
86.81941,F#maj,G#min
86.84263,F#maj,G#min
86.86585,F#maj,G#min
86.88907,F#maj,F#maj
86.91229,F#maj,F#maj
86.93551,F#maj,C#min
86.95873,F#maj,C#min
86.98195,F#maj,C#min
87.00517,F#maj,C#min
87.02839,F#maj,C#min
87.05161,F#maj,C#min
87.07483,F#maj,C#min
87.09805,F#maj,C#min
87.12127,F#maj,C#min
87.14449,F#maj,C#min
87.16771,F#maj,C#min
87.19093,F#maj,C#min
87.21415,F#maj,C#min
87.23737,F#maj,C#min
87.26059,F#maj,F#maj
87.283806,F#maj,F#maj
87.30703,F#maj,F#maj
87.330246,F#maj,F#maj
87.35347,F#maj,F#maj
87.376686,F#maj,F#maj
87.39991,F#maj,F#maj
87.42313,F#maj,F#maj
87.44635,F#maj,F#maj
87.46957,F#maj,F#maj
87.49279,F#maj,F#maj
87.51601,F#maj,F#maj
87.53923,F#maj,F#maj
87.56245,F#maj,F#maj
87.58567,F#maj,F#maj
87.60889,F#maj,F#maj
87.63211,F#maj,F#maj
87.65533,F#maj,F#maj
87.67855,F#maj,F#maj
87.70177,F#maj,F#maj
87.72499,F#maj,F#maj
87.74821,F#maj,F#maj
87.77143,F#maj,F#maj
87.79465,F#maj,F#maj
87.81787,F#maj,F#maj
87.84109,F#maj,F#maj
87.86431,F#maj,F#maj
87.88753,F#maj,F#maj
87.91075,F#maj,F#maj
87.93397,F#maj,F#maj
87.95719,F#maj,F#maj
87.98041,F#maj,F#maj
88.00363,F#maj,F#maj
88.02685,F#maj,F#maj
88.05007,F#maj,F#maj
88.07329,F#maj,F#maj
88.096504,F#maj,F#maj
88.11973,F#maj,F#maj
88.142944,F#maj,F#maj
88.16617,F#maj,F#maj
88.189384,F#maj,F#maj
88.21261,F#maj,F#maj
88.235825,F#maj,F#maj
88.25905,F#maj,F#maj
88.282265,F#maj,F#maj
88.30549,F#maj,F#maj
88.328705,F#maj,F#maj
88.35193,F#maj,F#maj
88.375145,F#maj,F#maj
88.39837,F#maj,F#maj
88.421585,F#maj,F#maj
88.44481,F#maj,F#maj
88.468025,F#maj,F#maj
88.49125,F#maj,F#maj
88.514465,F#maj,F#maj
88.53769,F#maj,F#maj
88.560905,F#maj,F#maj
88.58413,F#maj,F#maj
88.607346,F#maj,F#maj
88.63057,F#maj,F#maj
88.653786,F#maj,F#maj
88.67701,F#maj,F#maj
88.700226,F#maj,F#maj
88.72345,F#maj,F#maj
88.746666,F#maj,F#maj
88.76989,F#maj,F#maj
88.793106,F#maj,F#maj
88.81633,F#maj,F#maj
88.83955,F#maj,F#maj
88.86277,F#maj,F#maj
88.88599,F#maj,F#maj
88.9092,F#maj,F#maj
88.93243,F#maj,F#maj
88.95564,F#maj,F#maj
88.97887,F#maj,F#maj
89.00208,F#maj,F#maj
89.02531,F#maj,F#maj
89.04852,F#maj,F#maj
89.07175,F#maj,F#maj
89.09496,F#maj,F#maj
89.11819,F#maj,F#maj
89.1414,F#maj,F#maj
89.16463,F#maj,F#maj
89.18784,F#maj,F#maj
89.21107,F#maj,F#maj
89.23428,F#maj,F#maj
89.25751,F#maj,F#maj
89.28072,F#maj,F#maj
89.30395,F#maj,F#maj
89.32716,F#maj,F#maj
89.35039,F#maj,F#maj
89.373604,F#maj,F#maj
89.39683,F#maj,F#maj
89.420044,F#maj,F#maj
89.44327,F#maj,F#maj
89.466484,F#maj,F#maj
89.48971,F#maj,F#maj
89.512924,F#maj,F#maj
89.53615,F#maj,F#maj
89.559364,F#maj,F#maj
89.58259,F#maj,F#maj
89.605804,F#maj,F#maj
89.62903,F#maj,F#maj
89.652245,F#maj,F#maj
89.67547,F#maj,F#maj
89.698685,F#maj,F#maj
89.72191,F#maj,F#maj
89.745125,F#maj,F#maj
89.76834,F#maj,F#maj
89.791565,F#maj,F#maj
89.81478,F#maj,F#maj
89.838005,F#maj,F#maj
89.86122,F#maj,F#maj
89.884445,F#maj,F#maj
89.90766,F#maj,F#maj
89.930885,F#maj,F#maj
89.9541,F#maj,F#maj
89.977325,F#maj,F#maj
90.00054,F#maj,F#maj
90.023766,F#maj,F#maj
90.04698,F#maj,F#maj
90.070206,F#maj,F#maj
90.09342,F#maj,F#maj
90.116646,F#maj,F#maj
90.13986,F#maj,F#maj
90.163086,F#maj,F#maj
90.1863,F#maj,F#maj
90.209526,F#maj,F#maj
90.23274,F#maj,F#maj
90.25597,F#maj,F#maj
90.27918,F#maj,F#maj
90.30241,F#maj,F#maj
90.32562,F#maj,F#maj
90.34885,Emaj,Emaj
90.37206,Emaj,Emaj
90.39529,Emaj,Emaj
90.4185,Emaj,Emaj
90.44173,Emaj,Emaj
90.46494,Emaj,Emaj
90.48817,Emaj,Emaj
90.51138,Emaj,Emaj
90.53461,Emaj,Emaj
90.55782,Emaj,Emaj
90.58104,Emaj,Emaj
90.60426,Emaj,Emaj
90.62748,Emaj,Emaj
90.6507,Emaj,Emaj
90.67392,Emaj,Emaj
90.69714,Emaj,Emaj
90.72036,Emaj,Emaj
90.74358,Emaj,Emaj
90.7668,Emaj,Emaj
90.79002,Emaj,Emaj
90.81324,Emaj,Emaj
90.836464,Emaj,Emaj
90.85968,Emaj,Emaj
90.882904,Emaj,Emaj
90.90612,Emaj,Emaj
90.929344,Emaj,Emaj
90.95256,Emaj,Emaj
90.975784,Emaj,Emaj
90.999,Emaj,Emaj
91.022224,Emaj,Emaj
91.04544,Emaj,Emaj
91.068665,Emaj,Emaj
91.09188,Emaj,Emaj
91.115105,Emaj,Emaj
91.13832,Emaj,Emaj
91.161545,Emaj,Emaj
91.18476,Emaj,Emaj
91.207985,Emaj,Emaj
91.2312,Emaj,Emaj
91.254425,Emaj,Emaj
91.27764,Emaj,Emaj
91.300865,Emaj,Emaj
91.32408,Emaj,Emaj
91.347305,Emaj,Emaj
91.37052,Emaj,Emaj
91.39374,Emaj,Emaj
91.41696,Emaj,Emaj
91.44018,Emaj,Emaj
91.4634,Emaj,Emaj
91.48662,Emaj,Emaj
91.50984,Emaj,Emaj
91.53306,Emaj,Emaj
91.55628,Emaj,Emaj
91.5795,Emaj,Emaj
91.60272,Emaj,Emaj
91.62594,Emaj,Emaj
91.64916,Emaj,Emaj
91.67238,Emaj,Emaj
91.6956,Emaj,Emaj
91.71882,Emaj,Emaj
91.74204,Emaj,Emaj
91.76526,Emaj,Emaj
91.78848,Emaj,Emaj
91.8117,Emaj,Emaj
91.83492,Emaj,Emaj
91.85814,Emaj,Emaj
91.88136,Emaj,Emaj
91.90458,Emaj,Emaj
91.9278,Emaj,Emaj
91.95102,Emaj,Emaj
91.97424,Emaj,Emaj
91.99746,Emaj,Emaj
92.02068,Emaj,Emaj
92.0439,Emaj,Emaj
92.06712,Emaj,Emaj
92.09034,Emaj,Emaj
92.11356,Emaj,Emaj
92.13678,Emaj,Emaj
92.16,Emaj,Emaj
92.18322,Emaj,Emaj
92.206436,Emaj,Emaj
92.22966,Emaj,Emaj
92.25288,Emaj,Emaj
92.2761,Emaj,Emaj
92.29932,Emaj,Emaj
92.32254,Emaj,Emaj
92.34576,Emaj,Emaj
92.36898,Emaj,Emaj
92.3922,Emaj,Emaj
92.41542,Emaj,Emaj
92.43864,Emaj,Emaj
92.46186,Emaj,Emaj
92.48508,Emaj,Emaj
92.5083,Emaj,Emaj
92.53152,Emaj,Emaj
92.55474,Emaj,Emaj
92.57796,Emaj,Emaj
92.60118,Emaj,Emaj
92.6244,Emaj,Emaj
92.64762,Emaj,Emaj
92.67084,Emaj,Emaj
92.69406,Emaj,Emaj
92.71728,Emaj,Emaj
92.7405,Emaj,Emaj
92.76372,Emaj,Emaj
92.78694,Emaj,Emaj
92.81016,Emaj,Emaj
92.83338,Emaj,Emaj
92.8566,Emaj,Emaj
92.87982,Emaj,Emaj
92.90304,Emaj,Emaj
92.92626,Emaj,Emaj
92.94948,Emaj,Emaj
92.9727,Emaj,Emaj
92.99592,Emaj,Emaj
93.019135,Emaj,Emaj
93.04236,Emaj,Emaj
93.065575,Emaj,Emaj
93.0888,Emaj,Emaj
93.112015,Emaj,Emaj
93.13524,Emaj,Emaj
93.158455,Emaj,Emaj
93.18168,Emaj,Emaj
93.204895,Emaj,Emaj
93.22812,Emaj,Emaj
93.251335,Emaj,Emaj
93.27456,Emaj,Emaj
93.297775,Emaj,Emaj
93.321,Emaj,Emaj
93.344215,Emaj,Emaj
93.36744,Emaj,Emaj
93.390656,Emaj,Emaj
93.41388,Emaj,Emaj
93.437096,Emaj,Emaj
93.46032,Emaj,Emaj
93.483536,Emaj,Emaj
93.50676,Emaj,Emaj
93.529976,Emaj,Emaj
93.5532,Emaj,Emaj
93.576416,Emaj,Emaj
93.59964,Emaj,Emaj
93.622856,Emaj,Emaj
93.64608,Emaj,Emaj
93.6693,Emaj,Emaj
93.69252,Emaj,Emaj
93.71574,Emaj,Emaj
93.73896,Emaj,Emaj
93.76218,Emaj,Emaj
93.7854,Emaj,Emaj
93.80862,Emaj,Emaj
93.83184,G#min,Emaj
93.85506,G#min,Emaj
93.87827,G#min,Emaj
93.9015,G#min,Emaj
93.92471,G#min,Emaj
93.94794,G#min,Emaj
93.97115,G#min,Emaj
93.99438,G#min,Emaj
94.01759,G#min,Emaj
94.04082,G#min,Emaj
94.06403,G#min,Emaj
94.08726,G#min,Emaj
94.11047,G#min,Emaj
94.1337,G#min,Emaj
94.15691,G#min,Emaj
94.18014,G#min,Emaj
94.203354,G#min,Emaj
94.22658,G#min,Emaj
94.249794,G#min,Emaj
94.27302,G#min,Emaj
94.296234,G#min,Emaj
94.31946,G#min,Emaj
94.342674,G#min,Emaj
94.3659,G#min,Emaj
94.389114,G#min,Emaj
94.41234,G#min,Emaj
94.435555,G#min,Emaj
94.45878,G#min,Emaj
94.481995,G#min,Emaj
94.50522,G#min,Emaj
94.528435,G#min,Emaj
94.55166,G#min,Emaj
94.574875,G#min,Emaj
94.5981,G#min,Emaj
94.621315,G#min,Emaj
94.64454,G#min,Emaj
94.667755,G#min,Emaj
94.69097,G#min,Emaj
94.714195,G#min,Emaj
94.73741,G#min,Emaj
94.760635,G#min,Emaj
94.78385,G#min,Emaj
94.807076,G#min,Emaj
94.83029,G#min,Emaj
94.853516,G#min,Emaj
94.87673,G#min,Emaj
94.899956,G#min,Emaj
94.92317,G#min,Emaj
94.946396,G#min,Emaj
94.96961,G#min,Emaj
94.992836,G#min,Emaj
95.01605,G#min,Emaj
95.039276,G#min,Emaj
95.06249,G#min,Emaj
95.08572,G#min,Emaj
95.10893,G#min,Emaj
95.13216,G#min,Emaj
95.15537,G#min,Emaj
95.1786,G#min,Emaj
95.20181,G#min,Emaj
95.22504,G#min,Emaj
95.24825,G#min,Emaj
95.27148,G#min,Emaj
95.29469,G#min,Emaj
95.31792,G#min,Emaj
95.34113,G#min,Emaj
95.36436,G#min,Emaj
95.38757,G#min,Emaj
95.4108,G#min,Emaj
95.43401,G#min,Emaj
95.45724,G#min,Emaj
95.48045,G#min,Emaj
95.50367,G#min,Emaj
95.52689,G#min,G#min
95.55011,G#min,G#min
95.57333,G#min,Emaj
95.59655,G#min,Emaj
95.619774,G#min,Emaj
95.64299,G#min,Emaj
95.666214,G#min,Emaj
95.68943,G#min,Emaj
95.712654,G#min,Emaj
95.73587,G#min,Emaj
95.759094,G#min,Emaj
95.78231,G#min,Emaj
95.805534,G#min,Emaj
95.82875,G#min,Emaj
95.851974,G#min,Emaj
95.87519,G#min,Emaj
95.898415,G#min,Emaj
95.92163,G#min,Emaj
95.944855,G#min,Emaj
95.96807,G#min,Emaj
95.991295,G#min,Emaj
96.01451,G#min,G#min
96.037735,G#min,G#min
96.06095,G#min,G#min
96.084175,G#min,Emaj
96.10739,G#min,G#min
96.130615,G#min,G#min
96.15383,G#min,G#min
96.177055,G#min,G#min
96.20027,G#min,G#min
96.223495,G#min,G#min
96.24671,G#min,G#min
96.269936,G#min,G#min
96.29315,G#min,G#min
96.31637,G#min,G#min
96.33959,G#min,G#min
96.36281,G#min,G#min
96.38603,G#min,G#min
96.40925,G#min,G#min
96.43247,G#min,G#min
96.45569,G#min,G#min
96.47891,G#min,G#min
96.50213,G#min,G#min
96.52535,G#min,Emaj
96.54857,G#min,Emaj
96.57179,G#min,Emaj
96.59501,G#min,Emaj
96.61823,G#min,Emaj
96.64145,G#min,Emaj
96.66467,G#min,Emaj
96.68789,G#min,Emaj
96.71111,G#min,Emaj
96.73433,G#min,Emaj
96.75755,G#min,Emaj
96.78077,G#min,Emaj
96.80399,G#min,Emaj
96.82721,G#min,Bmaj
96.85043,G#min,Bmaj
96.87365,G#min,Bmaj
96.89687,G#min,Bmaj
96.92009,G#min,Bmaj
96.94331,G#min,Bmaj
96.96653,G#min,Bmaj
96.98975,G#min,Bmaj
97.01297,G#min,Bmaj
97.036194,G#min,Bmaj
97.05941,G#min,Bmaj
97.082634,G#min,Bmaj
97.10585,G#min,Bmaj
97.129074,G#min,Emaj
97.15229,G#min,Emaj
97.17551,G#min,G#min
97.19873,G#min,G#min
97.22195,G#min,G#min
97.24517,G#min,G#min
97.26839,G#min,G#min
97.29161,F#maj,G#min
97.31483,F#maj,G#min
97.33805,F#maj,G#min
97.36127,F#maj,F#maj
97.38449,F#maj,F#maj
97.40771,F#maj,F#maj
97.43093,F#maj,F#maj
97.45415,F#maj,F#maj
97.47737,F#maj,F#maj
97.50059,F#maj,F#maj
97.52381,F#maj,F#maj
97.54703,F#maj,F#maj
97.57025,F#maj,F#maj
97.59347,F#maj,F#maj
97.61669,F#maj,F#maj
97.63991,F#maj,F#maj
97.66313,F#maj,F#maj
97.68635,F#maj,F#maj
97.70957,F#maj,F#maj
97.73279,F#maj,F#maj
97.75601,F#maj,F#maj
97.77923,F#maj,F#maj
97.80245,F#maj,F#maj
97.82567,F#maj,F#maj
97.84889,F#maj,F#maj
97.87211,F#maj,F#maj
97.89533,F#maj,F#maj
97.91855,F#maj,F#maj
97.94177,F#maj,F#maj
97.96499,F#maj,F#maj
97.988205,F#maj,F#maj
98.01143,F#maj,F#maj
98.034645,F#maj,F#maj
98.05787,F#maj,F#maj
98.081085,F#maj,F#maj
98.10431,F#maj,F#maj
98.127525,F#maj,F#maj
98.15075,F#maj,F#maj
98.173965,F#maj,F#maj
98.19719,F#maj,F#maj
98.220406,F#maj,F#maj
98.24363,F#maj,F#maj
98.266846,F#maj,F#maj
98.29007,F#maj,F#maj
98.313286,F#maj,F#maj
98.33651,F#maj,F#maj
98.359726,F#maj,F#maj
98.38295,F#maj,F#maj
98.406166,F#maj,F#maj
98.42939,F#maj,F#maj
98.45261,F#maj,F#maj
98.47583,F#maj,F#maj
98.49905,F#maj,F#maj
98.52227,F#maj,F#maj
98.54549,F#maj,F#maj
98.56871,F#maj,F#maj
98.59193,F#maj,F#maj
98.61515,F#maj,F#maj
98.63837,F#maj,F#maj
98.66159,F#maj,F#maj
98.68481,F#maj,F#maj
98.70803,F#maj,F#maj
98.73125,F#maj,F#maj
98.75447,F#maj,F#maj
98.77769,F#maj,F#maj
98.8009,F#maj,F#maj
98.82413,F#maj,F#maj
98.84734,F#maj,F#maj
98.87057,F#maj,F#maj
98.89378,F#maj,F#maj
98.91701,F#maj,F#maj
98.94022,F#maj,F#maj
98.96345,F#maj,F#maj
98.986664,F#maj,F#maj
99.00989,F#maj,F#maj
99.033104,Emaj,F#maj
99.05633,Emaj,F#maj
99.079544,Emaj,F#maj
99.10277,Emaj,Emaj
99.125984,Emaj,Emaj
99.14921,Emaj,Emaj
99.172424,Emaj,Emaj
99.19565,Emaj,Emaj
99.218864,Emaj,Emaj
99.24209,Emaj,Emaj
99.265305,Emaj,Emaj
99.28853,Emaj,Emaj
99.311745,Emaj,Emaj
99.33497,Emaj,Emaj
99.358185,Emaj,Emaj
99.38141,Emaj,Emaj
99.404625,Emaj,Emaj
99.42785,Emaj,Emaj
99.451065,Emaj,Emaj
99.47429,Emaj,Emaj
99.497505,Emaj,Emaj
99.52073,Emaj,Emaj
99.543945,Emaj,Emaj
99.56717,Emaj,Emaj
99.590385,Emaj,Emaj
99.6136,Emaj,Emaj
99.636826,Emaj,Emaj
99.66004,Emaj,Emaj
99.683266,Emaj,Emaj
99.70648,Emaj,Emaj
99.729706,Emaj,Emaj
99.75292,Emaj,Emaj
99.776146,Emaj,Emaj
99.79936,Emaj,Emaj
99.822586,Emaj,Emaj
99.8458,Emaj,Emaj
99.869026,Emaj,Emaj
99.89224,Emaj,Emaj
99.91547,Emaj,Emaj
99.93868,Emaj,Emaj
99.96191,Emaj,Emaj
99.98512,Emaj,Emaj
100.00835,Emaj,Emaj
100.03156,Emaj,Emaj
100.05479,Emaj,Emaj
100.078,Emaj,Emaj
100.10123,Emaj,Emaj
100.12444,Emaj,Emaj
100.14767,Emaj,Emaj
100.17088,Emaj,Emaj
100.19411,Emaj,Emaj
100.21732,Emaj,Emaj
100.24055,Emaj,Emaj
100.26376,Emaj,Emaj
100.28699,Emaj,Emaj
100.3102,Emaj,Emaj
100.33343,Emaj,Emaj
100.35664,Emaj,Emaj
100.37987,Emaj,Emaj
100.40308,Emaj,Emaj
100.4263,Emaj,Emaj
100.449524,Emaj,Emaj
100.47274,Emaj,Emaj
100.495964,Emaj,Emaj
100.51918,Emaj,Emaj
100.542404,Emaj,Emaj
100.56562,Emaj,Emaj
100.588844,Emaj,Emaj
100.61206,Emaj,Emaj
100.635284,Emaj,Emaj
100.6585,Emaj,Emaj
100.681725,Emaj,Emaj
100.70494,Emaj,Emaj
100.728165,Emaj,Emaj
100.75138,G#min,Emaj
100.774605,G#min,Emaj
100.79782,G#min,G#min
100.821045,G#min,G#min
100.84426,G#min,G#min
100.867485,G#min,G#min
100.8907,G#min,G#min
100.913925,G#min,G#min
100.93714,G#min,G#min
100.960365,G#min,G#min
100.98358,G#min,G#min
101.006805,G#min,G#min
101.03002,G#min,G#min
101.053246,G#min,G#min
101.07646,G#min,G#min
101.099686,G#min,G#min
101.1229,G#min,G#min
101.146126,G#min,G#min
101.16934,G#min,G#min
101.192566,G#min,G#min
101.21578,G#min,G#min
101.239006,G#min,G#min
101.26222,G#min,G#min
101.28544,G#min,G#min
101.30866,G#min,G#min
101.33188,G#min,G#min
101.3551,G#min,G#min
101.37832,G#min,G#min
101.40154,G#min,G#min
101.42476,G#min,G#min
101.44798,G#min,G#min
101.4712,G#min,G#min
101.49442,G#min,G#min
101.51764,G#min,G#min
101.54086,G#min,G#min
101.56408,G#min,G#min
101.5873,G#min,G#min
101.61052,G#min,G#min
101.63374,G#min,G#min
101.65696,G#min,G#min
101.68018,G#min,G#min
101.7034,G#min,G#min
101.72662,G#min,G#min
101.74984,G#min,G#min
101.77306,G#min,G#min
101.79628,G#min,G#min
101.8195,G#min,G#min
101.84272,G#min,G#min
101.865944,G#min,G#min
101.88916,G#min,G#min
101.912384,G#min,G#min
101.9356,G#min,G#min
101.958824,G#min,G#min
101.98204,G#min,G#min
102.005264,G#min,G#min
102.02848,G#min,G#min
102.051704,G#min,G#min
102.07492,G#min,G#min
102.09814,G#min,G#min
102.12136,G#min,G#min
102.14458,G#min,G#min
102.1678,G#min,G#min
102.19102,G#min,G#min
102.21424,G#min,G#min
102.23746,G#min,G#min
102.26068,G#min,G#min
102.2839,G#min,G#min
102.30712,G#min,G#min
102.33034,G#min,G#min
102.35356,G#min,G#min
102.37678,G#min,G#min
102.4,G#min,G#min
102.42322,G#min,G#min
102.44644,G#min,G#min
102.46966,G#min,G#min
102.49288,G#min,G#min
102.5161,G#min,G#min
102.53932,G#min,G#min
102.56254,G#min,G#min
102.58576,G#min,G#min
102.60898,G#min,G#min
102.6322,G#min,G#min
102.65542,G#min,G#min
102.67864,G#min,Emaj
102.70186,G#min,Emaj
102.72508,G#min,Emaj
102.7483,G#min,Emaj
102.77152,G#min,Emaj
102.79474,G#min,Emaj
102.81796,G#min,Emaj
102.84118,G#min,Emaj
102.8644,G#min,Emaj
102.88762,G#min,Emaj
102.910835,G#min,Emaj
102.93406,G#min,G#min
102.957275,G#min,G#min
102.9805,G#min,G#min
103.003716,G#min,G#min
103.02694,G#min,G#min
103.050156,G#min,G#min
103.07338,G#min,G#min
103.096596,G#min,G#min
103.11982,G#min,G#min
103.143036,G#min,G#min
103.16626,G#min,G#min
103.189476,G#min,G#min
103.2127,G#min,G#min
103.235916,G#min,G#min
103.25914,G#min,G#min
103.28236,G#min,G#min
103.30558,G#min,G#min
103.3288,G#min,G#min
103.35202,G#min,G#min
103.37524,G#min,G#min
103.39846,G#min,G#min
103.42168,G#min,G#min
103.4449,G#min,G#min
103.46812,G#min,G#min
103.49134,G#min,G#min
103.51456,G#min,G#min
103.53778,G#min,G#min
103.561,G#min,G#min
103.58422,G#min,G#min
103.60744,G#min,G#min
103.63066,G#min,G#min
103.65388,G#min,G#min
103.6771,G#min,G#min
103.70032,G#min,G#min
103.72353,G#min,G#min
103.74676,G#min,G#min
103.76997,G#min,G#min
103.7932,G#min,G#min
103.816414,G#min,G#min
103.83964,G#min,G#min
103.862854,G#min,G#min
103.88608,G#min,G#min
103.909294,G#min,G#min
103.93252,G#min,G#min
103.955734,G#min,G#min
103.97896,G#min,G#min
104.002174,G#min,G#min
104.0254,G#min,G#min
104.048615,G#min,G#min
104.07184,G#min,C#min
104.095055,G#min,C#min
104.11828,G#min,C#min
104.141495,G#min,C#min
104.16472,G#min,C#min
104.187935,G#min,C#min
104.21116,C#min,C#min
104.234375,C#min,C#min
104.2576,C#min,C#min
104.280815,C#min,C#min
104.30404,C#min,C#min
104.327255,C#min,C#min
104.35048,C#min,C#min
104.373695,C#min,C#min
104.39692,C#min,C#min
104.420135,C#min,C#min
104.44336,C#min,C#min
104.466576,C#min,C#min
104.4898,C#min,C#min
104.513016,C#min,C#min
104.53624,C#min,C#min
104.559456,C#min,C#min
104.58267,C#min,C#min
104.605896,C#min,C#min
104.62911,C#min,C#min
104.652336,C#min,C#min
104.67555,C#min,C#min
104.69878,C#min,C#min
104.72199,C#min,C#min
104.74522,C#min,C#min
104.76843,C#min,C#min
104.79166,C#min,C#min
104.81487,C#min,C#min
104.8381,C#min,C#min
104.86131,C#min,C#min
104.88454,C#min,C#min
104.90775,C#min,C#min
104.93098,C#min,C#min
104.95419,C#min,C#min
104.97742,C#min,C#min
105.00063,C#min,C#min
105.02386,C#min,C#min
105.04707,C#min,F#maj
105.0703,F#maj,F#maj
105.09351,F#maj,F#maj
105.11674,F#maj,F#maj
105.13995,F#maj,F#maj
105.16318,F#maj,F#maj
105.18639,F#maj,F#maj
105.20962,F#maj,F#maj
105.232834,F#maj,F#maj
105.25606,F#maj,F#maj
105.279274,F#maj,F#maj
105.3025,F#maj,F#maj
105.325714,F#maj,F#maj
105.34894,F#maj,F#maj
105.372154,F#maj,F#maj
105.39537,F#maj,F#maj
105.418594,F#maj,F#maj
105.44181,F#maj,F#maj
105.465034,F#maj,F#maj
105.48825,F#maj,F#maj
105.511475,F#maj,F#maj
105.53469,F#maj,F#maj
105.557915,F#maj,F#maj
105.58113,F#maj,F#maj
105.604355,F#maj,F#maj
105.62757,F#maj,F#maj
105.650795,F#maj,F#maj
105.67401,F#maj,F#maj
105.697235,F#maj,F#maj
105.72045,F#maj,F#maj
105.743675,F#maj,F#min
105.76689,F#maj,F#min
105.790115,F#maj,F#min
105.81333,F#maj,F#min
105.836555,F#maj,F#min
105.85977,F#maj,F#min
105.882996,F#maj,F#min
105.90621,F#maj,F#min
105.929436,F#maj,F#min
105.95265,F#maj,F#min
105.975876,F#maj,F#maj
105.99909,F#maj,F#maj
106.022316,F#maj,F#maj
106.04553,F#maj,F#maj
106.068756,F#maj,F#maj
106.09197,F#maj,F#maj
106.1152,F#maj,F#maj
106.13841,F#maj,F#maj
106.16164,F#maj,F#maj
106.18485,F#maj,F#maj
106.20807,F#maj,F#maj
106.23129,F#maj,F#maj
106.25451,F#maj,F#maj
106.27773,F#maj,F#maj
106.30095,F#maj,F#maj
106.32417,F#maj,F#maj
106.34739,F#maj,F#maj
106.37061,F#maj,F#maj
106.39383,F#maj,F#maj
106.41705,F#maj,F#maj
106.44027,F#maj,F#maj
106.46349,F#maj,F#maj
106.48671,F#maj,F#maj
106.50993,F#maj,F#maj
106.53315,F#maj,F#maj
106.55637,F#maj,F#maj
106.57959,F#maj,F#maj
106.60281,F#maj,F#maj
106.62603,F#maj,F#maj
106.649254,F#maj,F#maj
106.67247,F#maj,F#maj
106.695694,F#maj,F#maj
106.71891,F#maj,F#maj
106.742134,F#maj,F#maj
106.76535,F#maj,F#maj
106.788574,F#maj,F#maj
106.81179,F#maj,F#maj
106.835014,F#maj,F#maj
106.85823,F#maj,F#maj
106.881454,F#maj,F#maj
106.90467,F#maj,F#maj
106.927895,F#maj,F#maj
106.95111,F#maj,F#maj
106.974335,F#maj,F#maj
106.99755,F#maj,F#min
107.02077,F#maj,F#min
107.04399,F#maj,F#min
107.06721,F#maj,F#min
107.09043,F#maj,F#min
107.11365,F#maj,F#min
107.13687,F#maj,F#min
107.16009,F#maj,F#min
107.18331,F#maj,F#min
107.20653,F#maj,F#min
107.22975,F#maj,F#min
107.25297,F#maj,F#min
107.27619,F#maj,F#min
107.29941,F#maj,F#min
107.32263,F#maj,F#min
107.34585,F#maj,F#min
107.36907,F#maj,F#min
107.39229,F#maj,F#min
107.41551,F#maj,F#min
107.43873,F#maj,F#min
107.46195,F#maj,F#min
107.48517,F#maj,F#min
107.50839,F#maj,F#min
107.53161,F#maj,F#min
107.55483,F#maj,F#min
107.57805,F#maj,F#min
107.60127,F#maj,Emaj
107.62449,F#maj,Emaj
107.64771,F#maj,Emaj
107.67093,Bmaj,Emaj
107.69415,Bmaj,Emaj
107.71737,Bmaj,Emaj
107.74059,Bmaj,Emaj
107.76381,Bmaj,Emaj
107.78703,Bmaj,Emaj
107.81025,Bmaj,Emaj
107.833466,Bmaj,Emaj
107.85669,Bmaj,Emaj
107.879906,Bmaj,Emaj
107.90313,Bmaj,Emaj
107.926346,Bmaj,Emaj
107.94957,Bmaj,Emaj
107.972786,Bmaj,Emaj
107.99601,Bmaj,Emaj
108.019226,Bmaj,Emaj
108.04245,Bmaj,Emaj
108.06567,Bmaj,Emaj
108.08889,Bmaj,Emaj
108.11211,Bmaj,Emaj
108.13533,Bmaj,Emaj
108.15855,Bmaj,Emaj
108.18177,Bmaj,Emaj
108.20499,Bmaj,Emaj
108.22821,Bmaj,Emaj
108.25143,Bmaj,Emaj
108.27465,Bmaj,Emaj
108.29787,Bmaj,Emaj
108.32109,Bmaj,Emaj
108.34431,Bmaj,Emaj
108.36753,Bmaj,Emaj
108.39075,Bmaj,Emaj
108.41397,Bmaj,Emaj
108.43719,Bmaj,Emaj
108.46041,Bmaj,Emaj
108.48363,Bmaj,Emaj
108.50685,Bmaj,Emaj
108.53007,Bmaj,Emaj
108.55329,Bmaj,Emaj
108.57651,Bmaj,Emaj
108.59973,Bmaj,Emaj
108.62295,Bmaj,Emaj
108.64617,Bmaj,Emaj
108.66939,Bmaj,Emaj
108.692604,Bmaj,Emaj
108.71583,Bmaj,Emaj
108.739044,Bmaj,Emaj
108.76227,Bmaj,Emaj
108.785484,Bmaj,Bmaj
108.80871,Bmaj,Emaj
108.831924,Bmaj,Emaj
108.85515,Bmaj,Emaj
108.878365,Bmaj,Emaj
108.90159,Bmaj,Emaj
108.924805,Bmaj,Emaj
108.94803,Bmaj,Emaj
108.971245,Bmaj,Emaj
108.99447,Bmaj,Emaj
109.017685,Bmaj,Emaj
109.04091,Bmaj,Emaj
109.064125,Bmaj,Emaj
109.08735,Bmaj,Emaj
109.110565,Bmaj,Emaj
109.13379,Bmaj,Emaj
109.157005,Bmaj,Emaj
109.18023,Bmaj,Emaj
109.203445,Bmaj,Emaj
109.22667,Bmaj,Emaj
109.249886,Bmaj,Emaj
109.27311,Bmaj,Emaj
109.296326,Bmaj,Emaj
109.31955,Bmaj,Emaj
109.342766,Bmaj,Emaj
109.36599,Bmaj,Emaj
109.389206,F#maj,Emaj
109.41243,F#maj,Emaj
109.435646,F#maj,Bmaj
109.45887,F#maj,Bmaj
109.482086,F#maj,Bmaj
109.5053,F#maj,Bmaj
109.52853,F#maj,Bmaj
109.55174,F#maj,Bmaj
109.57497,F#maj,F#maj
109.59818,F#maj,F#maj
109.62141,F#maj,F#maj
109.64462,F#maj,F#maj
109.66785,F#maj,F#maj
109.69106,F#maj,F#maj
109.71429,F#maj,F#maj
109.7375,F#maj,F#maj
109.76073,F#maj,F#maj
109.78394,F#maj,F#maj
109.80717,F#maj,F#maj
109.83038,F#maj,F#maj
109.85361,F#maj,F#maj
109.87682,F#maj,F#maj
109.90005,F#maj,F#maj
109.92326,F#maj,F#maj
109.94649,F#maj,F#maj
109.9697,F#maj,F#maj
109.99293,F#maj,F#maj
110.01614,F#maj,F#maj
110.03937,F#maj,F#maj
110.062584,F#maj,F#maj
110.08581,F#maj,F#maj
110.109024,F#maj,F#maj
110.13225,F#maj,F#maj
110.155464,F#maj,F#maj
110.17869,F#maj,F#maj
110.201904,F#maj,F#maj
110.22513,F#maj,F#maj
110.248344,F#maj,F#maj
110.27157,F#maj,F#maj
110.294785,F#maj,F#maj
110.318,F#maj,F#maj
110.341225,F#maj,F#maj
110.36444,F#maj,F#maj
110.387665,F#maj,F#maj
110.41088,F#maj,F#maj
110.434105,F#maj,F#maj
110.45732,F#maj,F#maj
110.480545,F#maj,F#maj
110.50376,F#maj,F#maj
110.526985,F#maj,F#maj
110.5502,F#maj,F#maj
110.573425,F#maj,F#maj
110.59664,F#maj,F#maj
110.619865,F#maj,F#maj
110.64308,F#maj,F#maj
110.666306,F#maj,F#maj
110.68952,F#maj,F#maj
110.712746,F#maj,F#maj
110.73596,F#maj,F#maj
110.759186,F#maj,F#maj
110.7824,F#maj,F#maj
110.805626,F#maj,F#maj
110.82884,F#maj,F#maj
110.852066,F#maj,F#maj
110.87528,F#maj,F#maj
110.898506,F#maj,F#maj
110.92172,F#maj,F#maj
110.94495,F#maj,F#maj
110.96816,F#maj,F#maj
110.99139,F#maj,F#maj
111.0146,F#maj,F#maj
111.03783,F#maj,F#maj
111.06104,F#maj,F#maj
111.08427,F#maj,F#maj
111.10748,G#min,F#maj
111.1307,G#min,G#min
111.15392,G#min,G#min
111.17714,G#min,G#min
111.20036,G#min,G#min
111.22358,G#min,G#min
111.2468,G#min,G#min
111.27002,G#min,G#min
111.29324,G#min,G#min
111.31646,G#min,G#min
111.33968,G#min,G#min
111.3629,G#min,G#min
111.38612,G#min,G#min
111.40934,G#min,G#min
111.43256,G#min,G#min
111.45578,G#min,G#min
111.479004,G#min,G#min
111.50222,G#min,G#min
111.525444,G#min,G#min
111.54866,G#min,G#min
111.571884,G#min,G#min
111.5951,G#min,G#min
111.618324,G#min,G#min
111.64154,G#min,G#min
111.664764,G#min,G#min
111.68798,G#min,G#min
111.711205,G#min,G#min
111.73442,G#min,G#min
111.757645,G#min,G#min
111.78086,G#min,G#min
111.804085,G#min,G#min
111.8273,G#min,G#min
111.850525,G#min,G#min
111.87374,G#min,G#min
111.896965,G#min,G#min
111.92018,G#min,G#min
111.943405,G#min,G#min
111.96662,G#min,G#min
111.98984,G#min,G#min
112.01306,G#min,G#min
112.03628,G#min,G#min
112.0595,G#min,G#min
112.08272,G#min,G#min
112.10594,G#min,G#min
112.12916,G#min,G#min
112.15238,G#min,G#min
112.1756,G#min,G#min
112.19882,G#min,G#min
112.22204,G#min,G#min
112.24526,G#min,G#min
112.26848,G#min,G#min
112.2917,G#min,G#min
112.31492,G#min,G#min
112.33814,G#min,G#min
112.36136,G#min,G#min
112.38458,G#min,G#min
112.4078,G#min,G#min
112.43102,G#min,G#min
112.45424,G#min,G#min
112.47746,G#min,G#min
112.50068,G#min,G#min
112.5239,G#min,G#min
112.54712,G#min,G#min
112.57034,G#min,G#min
112.59356,G#min,G#min
112.61678,G#min,G#min
112.64,G#min,G#min
112.66322,G#min,G#min
112.68644,G#min,G#min
112.70966,G#min,G#min
112.73288,G#min,G#min
112.7561,G#min,G#min
112.77932,G#min,G#min
112.802536,G#min,G#min
112.82576,G#min,Bmaj
112.848976,Bmaj,Bmaj
112.8722,Bmaj,Bmaj
112.89542,Bmaj,Bmaj
112.91864,Bmaj,Bmaj
112.94186,Bmaj,Bmaj
112.96508,Bmaj,Bmaj
112.9883,Bmaj,Bmaj
113.01152,Bmaj,Bmaj
113.03474,Bmaj,Bmaj
113.05796,Bmaj,Bmaj
113.08118,Bmaj,Bmaj
113.1044,Bmaj,Bmaj
113.12762,Bmaj,Bmaj
113.15084,Bmaj,Bmaj
113.17406,Bmaj,Bmaj
113.19728,Bmaj,Bmaj
113.2205,Bmaj,Bmaj
113.24372,Bmaj,Bmaj
113.26694,Bmaj,Bmaj
113.29016,Bmaj,Bmaj
113.31338,Bmaj,Bmaj
113.3366,Bmaj,Bmaj
113.35982,Bmaj,Bmaj
113.38304,Bmaj,Bmaj
113.40626,Bmaj,Bmaj
113.42948,Bmaj,Bmaj
113.4527,Bmaj,Bmaj
113.47592,Bmaj,Bmaj
113.49914,Bmaj,Bmaj
113.52236,Bmaj,Bmaj
113.54558,Bmaj,Bmaj
113.5688,Bmaj,Bmaj
113.59202,Bmaj,Bmaj
113.615234,Bmaj,Bmaj
113.63846,Bmaj,Bmaj
113.661674,Bmaj,Bmaj
113.6849,Bmaj,Bmaj
113.708115,Bmaj,Bmaj
113.73134,Bmaj,Bmaj
113.754555,Bmaj,Bmaj
113.77778,Bmaj,Bmaj
113.800995,Bmaj,Bmaj
113.82422,Bmaj,Bmaj
113.847435,Bmaj,Bmaj
113.87066,Bmaj,Bmaj
113.893875,Bmaj,Bmaj
113.9171,Bmaj,Bmaj
113.940315,Bmaj,Bmaj
113.96354,Bmaj,Bmaj
113.986755,Bmaj,Bmaj
114.00998,Bmaj,Bmaj
114.033195,Bmaj,Bmaj
114.05642,Bmaj,Bmaj
114.079636,Bmaj,Bmaj
114.10286,Bmaj,Bmaj
114.126076,Bmaj,Bmaj
114.1493,Bmaj,Bmaj
114.172516,Bmaj,Bmaj
114.19574,Bmaj,Bmaj
114.218956,Bmaj,Bmaj
114.24218,Bmaj,Bmaj
114.265396,Bmaj,Bmaj
114.28862,Bmaj,Bmaj
114.31184,Bmaj,Bmaj
114.33506,Bmaj,Bmaj
114.35828,Bmaj,Bmaj
114.3815,Bmaj,Bmaj
114.40472,Bmaj,Bmaj
114.42793,Bmaj,Bmaj
114.45116,Bmaj,Bmaj
114.47437,Bmaj,Bmaj
114.4976,Bmaj,Bmaj
114.52081,Bmaj,Bmaj
114.54404,Bmaj,Bmaj
114.56725,C#min,C#min
114.59048,C#min,C#min
114.61369,C#min,C#min
114.63692,C#min,C#min
114.66013,C#min,C#min
114.68336,C#min,C#min
114.70657,C#min,C#min
114.7298,C#min,C#min
114.75301,C#min,C#min
114.77624,C#min,C#min
114.79945,C#min,C#min
114.82268,C#min,C#min
114.845894,C#min,C#min
114.86912,C#min,C#min
114.892334,C#min,C#min
114.91556,C#min,C#min
114.938774,C#min,C#min
114.962,C#min,C#min
114.985214,C#min,C#min
115.00844,C#min,C#min
115.031654,C#min,C#min
115.05488,C#min,C#min
115.078094,C#min,C#min
115.10132,C#min,C#min
115.124535,C#min,C#min
115.14776,C#min,C#min
115.170975,C#min,C#min
115.1942,C#min,C#min
115.217415,C#min,C#min
115.24064,C#min,C#min
115.263855,C#min,C#min
115.28707,C#min,C#min
115.310295,C#min,C#min
115.33351,C#min,C#min
115.356735,C#min,C#min
115.37995,C#min,C#min
115.403175,C#min,C#min
115.42639,C#min,C#min
115.449615,C#min,C#min
115.47283,C#min,C#min
115.496056,C#min,C#min
115.51927,C#min,C#min
115.542496,C#min,C#min
115.56571,C#min,C#min
115.588936,C#min,C#min
115.61215,C#min,C#min
115.635376,C#min,C#min
115.65859,C#min,C#min
115.681816,C#min,C#min
115.70503,C#min,C#min
115.72826,C#min,C#min
115.75147,C#min,C#min
115.7747,C#min,C#min
115.79791,C#min,C#min
115.82114,C#min,C#min
115.84435,C#min,C#min
115.86758,C#min,C#min
115.89079,C#min,C#min
115.91402,C#min,C#min
115.93723,C#min,C#min
115.96046,C#min,C#min
115.98367,C#min,C#min
116.0069,C#min,C#min
116.03011,C#min,C#min
116.05334,C#min,C#min
116.07655,C#min,C#min
116.09977,C#min,C#min
116.12299,C#min,C#min
116.14621,C#min,C#min
116.16943,C#min,C#min
116.19265,C#min,C#min
116.21587,C#min,C#min
116.23909,C#min,C#min
116.262314,C#min,C#min
116.28553,Bmaj,C#min
116.308754,Bmaj,Bmaj
116.33197,Bmaj,Bmaj
116.355194,Bmaj,Bmaj
116.37841,Bmaj,Bmaj
116.401634,Bmaj,Bmaj
116.42485,Bmaj,Bmaj
116.448074,Bmaj,Bmaj
116.47129,Bmaj,Bmaj
116.494514,Bmaj,Bmaj
116.51773,Bmaj,Bmaj
116.540955,Bmaj,Bmaj
116.56417,Bmaj,Bmaj
116.587395,Bmaj,Bmaj
116.61061,Bmaj,Bmaj
116.633835,Bmaj,Bmaj
116.65705,Bmaj,Bmaj
116.680275,Bmaj,Bmaj
116.70349,Bmaj,Bmaj
116.726715,Bmaj,Bmaj
116.74993,Bmaj,Bmaj
116.773155,Bmaj,Bmaj
116.79637,Bmaj,Bmaj
116.819595,Bmaj,Bmaj
116.84281,Bmaj,Bmaj
116.866035,Bmaj,Bmaj
116.88925,Bmaj,Bmaj
116.91247,Bmaj,Bmaj
116.93569,Bmaj,Bmaj
116.95891,Bmaj,Bmaj
116.98213,Bmaj,Bmaj
117.00535,Bmaj,Bmaj
117.02857,Bmaj,Bmaj
117.05179,Bmaj,Bmaj
117.07501,Bmaj,Bmaj
117.09823,Bmaj,Bmaj
117.12145,Bmaj,Bmaj
117.14467,Bmaj,Bmaj
117.16789,Bmaj,Bmaj
117.19111,Bmaj,Bmaj
117.21433,Bmaj,Bmaj
117.23755,Bmaj,Bmaj
117.26077,Bmaj,Bmaj
117.28399,Bmaj,Bmaj
117.30721,Bmaj,Bmaj
117.33043,Bmaj,Bmaj
117.35365,Bmaj,Bmaj
117.37687,Bmaj,Bmaj
117.40009,Bmaj,Bmaj
117.42331,Bmaj,Bmaj
117.44653,Bmaj,Bmaj
117.46975,Bmaj,Bmaj
117.49297,Bmaj,Bmaj
117.51619,Bmaj,Bmaj
117.53941,Bmaj,Bmaj
117.56263,Bmaj,Bmaj
117.58585,Bmaj,Bmaj
117.60907,Bmaj,Bmaj
117.63229,Bmaj,Bmaj
117.65551,Bmaj,Bmaj
117.678734,Bmaj,Bmaj
117.70195,Bmaj,Bmaj
117.72517,Bmaj,Bmaj
117.74839,Bmaj,Bmaj
117.77161,Bmaj,Bmaj
117.79483,Bmaj,Bmaj
117.81805,Bmaj,Bmaj
117.84127,Bmaj,Bmaj
117.86449,Bmaj,Bmaj
117.88771,Bmaj,Bmaj
117.91093,Bmaj,Bmaj
117.93415,Bmaj,Bmaj
117.95737,Bmaj,Bmaj
117.98059,Bmaj,Bmaj
118.00381,Bmaj,Bmaj
118.02703,F#maj,Bmaj
118.05025,F#maj,Bmaj
118.07347,F#maj,Bmaj
118.09669,F#maj,Bmaj
118.11991,F#maj,Bmaj
118.14313,F#maj,F#maj
118.16635,F#maj,F#maj
118.18957,F#maj,F#maj
118.21279,F#maj,F#maj
118.23601,F#maj,F#maj
118.25923,F#maj,F#maj
118.28245,F#maj,F#maj
118.30567,F#maj,F#maj
118.32889,F#maj,F#maj
118.35211,F#maj,F#maj
118.37533,F#maj,F#maj
118.39855,F#maj,F#maj
118.42177,F#maj,F#maj
118.44499,F#maj,F#maj
118.46821,F#maj,F#maj
118.49143,F#maj,F#maj
118.51465,F#maj,F#maj
118.537865,F#maj,F#maj
118.56109,F#maj,F#maj
118.584305,F#maj,F#maj
118.60753,F#maj,F#maj
118.630745,F#maj,F#maj
118.65397,F#maj,F#maj
118.677185,F#maj,F#maj
118.70041,F#maj,F#maj
118.723625,F#maj,F#maj
118.74685,F#maj,F#maj
118.770065,F#maj,F#maj
118.79329,F#maj,F#maj
118.816505,F#maj,F#maj
118.83973,F#maj,F#maj
118.862946,F#maj,F#maj
118.88617,F#maj,F#maj
118.909386,F#maj,F#maj
118.93261,F#maj,F#maj
118.955826,F#maj,F#maj
118.97905,F#maj,F#maj
119.002266,F#maj,F#maj
119.02549,F#maj,F#maj
119.048706,F#maj,F#maj
119.07193,F#maj,F#maj
119.095146,F#maj,F#maj
119.11837,F#maj,F#maj
119.14159,F#maj,F#maj
119.16481,F#maj,F#maj
119.18803,F#maj,F#maj
119.21125,F#maj,F#maj
119.23447,F#maj,F#maj
119.25769,F#maj,F#maj
119.28091,F#maj,F#maj
119.30413,F#maj,F#maj
119.32735,F#maj,F#maj
119.35057,F#maj,F#maj
119.37379,F#maj,F#maj
119.397,F#maj,F#maj
119.42023,F#maj,F#maj
119.44344,F#maj,F#maj
119.46667,F#maj,F#maj
119.48988,F#maj,F#maj
119.51311,F#maj,F#maj
119.53632,F#maj,F#maj
119.55955,F#maj,F#maj
119.58276,F#maj,F#maj
119.60599,F#maj,F#maj
119.6292,F#maj,F#maj
119.65243,F#maj,F#maj
119.675644,F#maj,F#maj
119.69887,F#maj,F#maj
119.722084,F#maj,F#maj
119.74531,Emaj,Emaj
119.768524,Emaj,Emaj
119.79175,Emaj,Emaj
119.814964,Emaj,Emaj
119.83819,Emaj,Emaj
119.861404,Emaj,Emaj
119.88463,Emaj,Emaj
119.907845,Emaj,Emaj
119.93107,Emaj,Emaj
119.954285,Emaj,Emaj
119.97751,Emaj,Emaj
120.000725,Emaj,Emaj
120.02395,Emaj,Emaj
120.047165,Emaj,Emaj
120.07039,Emaj,Emaj
120.093605,Emaj,Emaj
120.11683,Emaj,Emaj
120.140045,Emaj,Emaj
120.16327,Emaj,Emaj
120.186485,Emaj,Emaj
120.2097,Emaj,Emaj
120.232925,Emaj,Emaj
120.25614,Emaj,Emaj
120.279366,Emaj,Emaj
120.30258,Emaj,Emaj
120.325806,Emaj,Emaj
120.34902,Emaj,Emaj
120.372246,Emaj,Emaj
120.39546,Emaj,Emaj
120.418686,Emaj,Emaj
120.4419,Emaj,Emaj
120.465126,Emaj,Emaj
120.48834,Emaj,Emaj
120.511566,Emaj,Emaj
120.53478,Emaj,Emaj
120.55801,Emaj,Emaj
120.58122,Emaj,Emaj
120.60445,Emaj,Emaj
120.62766,Emaj,Emaj
120.65089,Emaj,Emaj
120.6741,Emaj,Emaj
120.69733,Emaj,Emaj
120.72054,Emaj,Emaj
120.74377,Emaj,Emaj
120.76698,Emaj,Emaj
120.79021,Emaj,Emaj
120.81342,Emaj,Emaj
120.83665,Emaj,Emaj
120.85986,Emaj,Emaj
120.88309,Emaj,Emaj
120.9063,Emaj,Emaj
120.92953,Emaj,Emaj
120.95274,Emaj,Emaj
120.97597,Emaj,Emaj
120.99918,Emaj,Emaj
121.0224,Emaj,Emaj
121.04562,Emaj,Emaj
121.06884,Emaj,Emaj
121.092064,Emaj,Emaj
121.11528,Emaj,Emaj
121.138504,Emaj,Emaj
121.16172,Emaj,Emaj
121.184944,Emaj,Emaj
121.20816,Emaj,Emaj
121.231384,Emaj,Emaj
121.2546,Emaj,Emaj
121.277824,Emaj,Emaj
121.30104,Emaj,Emaj
121.324265,Emaj,Emaj
121.34748,Emaj,Emaj
121.370705,Emaj,Emaj
121.39392,Emaj,Emaj
121.417145,Emaj,Emaj
121.44036,Emaj,Emaj
121.463585,Emaj,Emaj
121.4868,G#min,Emaj
121.510025,G#min,Emaj
121.53324,G#min,Emaj
121.556465,G#min,Emaj
121.57968,G#min,Emaj
121.602905,G#min,Emaj
121.62612,G#min,Emaj
121.649345,G#min,Emaj
121.67256,G#min,Emaj
121.695786,G#min,Emaj
121.719,G#min,Emaj
121.742226,G#min,Emaj
121.76544,G#min,Emaj
121.788666,G#min,Emaj
121.81188,G#min,Emaj
121.8351,G#min,Emaj
121.85832,G#min,Emaj
121.88154,G#min,Emaj
121.90476,G#min,Emaj
121.92798,G#min,Emaj
121.9512,G#min,Emaj
121.97442,G#min,Emaj
121.99764,G#min,Emaj
122.02086,G#min,Emaj
122.04408,G#min,Emaj
122.0673,G#min,Emaj
122.09052,G#min,Emaj
122.11374,G#min,Emaj
122.13696,G#min,Emaj
122.16018,G#min,Emaj
122.1834,G#min,Emaj
122.20662,G#min,Emaj
122.22984,G#min,Emaj
122.25306,G#min,Emaj
122.27628,G#min,Emaj
122.2995,G#min,Emaj
122.32272,G#min,Emaj
122.34594,G#min,Emaj
122.36916,G#min,Emaj
122.39238,G#min,Emaj
122.4156,G#min,Emaj
122.43882,G#min,Emaj
122.46204,G#min,Emaj
122.48526,G#min,Emaj
122.508484,G#min,Emaj
122.5317,G#min,Emaj
122.554924,G#min,Emaj
122.57814,G#min,Emaj
122.601364,G#min,Emaj
122.62458,G#min,Emaj
122.647804,G#min,Emaj
122.67102,G#min,Emaj
122.69424,G#min,Emaj
122.71746,G#min,Emaj
122.74068,G#min,Emaj
122.7639,G#min,Emaj
122.78712,G#min,Emaj
122.81034,G#min,Emaj
122.83356,G#min,Emaj
122.85678,G#min,Emaj
122.88,G#min,Emaj
122.90322,G#min,Emaj
122.92644,G#min,Emaj
122.94966,G#min,Emaj
122.97288,G#min,Emaj
122.9961,G#min,Emaj
123.01932,G#min,Emaj
123.04254,G#min,Emaj
123.06576,G#min,Emaj
123.08898,G#min,Emaj
123.1122,G#min,Emaj
123.13542,G#min,Emaj
123.15864,G#min,Emaj
123.18186,G#min,Emaj
123.20508,G#min,Emaj
123.2283,G#min,Emaj
123.25152,G#min,Emaj
123.27474,G#min,Emaj
123.29796,G#min,G#min
123.32118,G#min,G#min
123.3444,G#min,G#min
123.36762,G#min,G#min
123.39084,G#min,G#min
123.41406,G#min,G#min
123.43728,G#min,G#min
123.4605,G#min,G#min
123.48372,G#min,G#min
123.506935,G#min,G#min
123.53016,G#min,G#min
123.553375,G#min,G#min
123.5766,G#min,G#min
123.599815,G#min,G#min
123.62304,G#min,G#min
123.646255,G#min,G#min
123.66948,G#min,G#min
123.692696,G#min,G#min
123.71592,G#min,G#min
123.739136,G#min,G#min
123.76236,G#min,G#min
123.785576,G#min,G#min
123.8088,G#min,G#min
123.832016,G#min,G#min
123.85524,G#min,G#min
123.878456,G#min,G#min
123.90168,G#min,G#min
123.9249,G#min,G#min
123.94812,G#min,G#min
123.97134,G#min,G#min
123.99456,G#min,G#min
124.01778,G#min,G#min
124.041,G#min,G#min
124.06422,G#min,G#min
124.08744,G#min,G#min
124.11066,G#min,G#min
124.13388,G#min,G#min
124.1571,G#min,G#min
124.18032,G#min,G#min
124.20354,G#min,G#min
124.22676,G#min,G#min
124.24998,G#min,G#min
124.2732,G#min,G#min
124.29642,G#min,G#min
124.31963,G#min,G#min
124.34286,G#min,G#min
124.36607,G#min,G#min
124.3893,G#min,G#min
124.41251,G#min,G#min
124.43574,G#min,G#min
124.458954,G#min,G#min
124.48218,G#min,G#min
124.505394,G#min,G#min
124.52862,G#min,G#min
124.551834,G#min,G#min
124.57506,G#min,G#min
124.598274,G#min,G#min
124.6215,G#min,G#min
124.644714,G#min,G#min
124.66794,G#min,G#min
124.691154,G#min,G#min
124.71438,G#min,G#min
124.737595,G#min,G#min
124.76082,G#min,G#min
124.784035,G#min,G#min
124.80726,G#min,G#min
124.830475,G#min,G#min
124.8537,G#min,G#min
124.876915,G#min,G#min
124.90014,G#min,C#min
124.923355,C#min,C#min
124.94658,C#min,C#min
124.969795,C#min,C#min
124.99302,C#min,C#min
125.016235,C#min,C#min
125.03946,C#min,C#min
125.062675,C#min,C#min
125.0859,C#min,C#min
125.109116,C#min,C#min
125.13233,C#min,C#min
125.155556,C#min,C#min
125.17877,C#min,C#min
125.201996,C#min,C#min
125.22521,C#min,C#min
125.248436,C#min,C#min
125.27165,C#min,C#min
125.294876,C#min,C#min
125.31809,C#min,C#min
125.34132,C#min,C#min
125.36453,C#min,C#min
125.38776,C#min,C#min
125.41097,C#min,C#min
125.4342,C#min,C#min
125.45741,C#min,C#min
125.48064,C#min,C#min
125.50385,C#min,C#min
125.52708,C#min,C#min
125.55029,C#min,C#min
125.57352,C#min,C#min
125.59673,C#min,C#min
125.61996,C#min,C#min
125.64317,C#min,C#min
125.6664,C#min,C#min
125.68961,C#min,C#min
125.71284,C#min,C#min
125.73605,C#min,C#min
125.75928,C#min,C#min
125.78249,F#maj,F#maj
125.80572,F#maj,F#maj
125.82893,F#maj,F#maj
125.85216,F#maj,F#maj
125.875374,F#maj,F#maj
125.8986,F#maj,F#maj
125.921814,F#maj,F#maj
125.94503,F#maj,F#maj
125.968254,F#maj,F#maj
125.99147,F#maj,F#maj
126.014694,F#maj,F#maj
126.03791,F#maj,F#maj
126.061134,F#maj,F#maj
126.08435,F#maj,F#maj
126.107574,F#maj,F#maj
126.13079,F#maj,F#maj
126.154015,F#maj,F#maj
126.17723,F#maj,F#maj
126.200455,F#maj,F#maj
126.22367,F#maj,F#maj
126.246895,F#maj,F#maj
126.27011,F#maj,F#maj
126.293335,F#maj,F#maj
126.31655,F#maj,F#maj
126.339775,F#maj,F#maj
126.36299,F#maj,F#maj
126.386215,F#maj,F#maj
126.40943,F#maj,F#maj
126.432655,F#maj,F#maj
126.45587,F#maj,F#maj
126.479095,F#maj,F#maj
126.50231,F#maj,F#maj
126.525536,F#maj,F#maj
126.54875,F#maj,F#maj
126.571976,F#maj,F#maj
126.59519,F#maj,F#maj
126.618416,F#maj,F#maj
126.64163,F#maj,F#maj
126.664856,F#maj,F#maj
126.68807,F#maj,F#maj
126.711296,F#maj,F#maj
126.73451,F#maj,F#maj
126.75774,F#maj,F#maj
126.78095,F#maj,F#maj
126.80417,F#maj,F#maj
126.82739,F#maj,F#maj
126.85061,F#maj,F#maj
126.87383,F#maj,F#maj
126.89705,F#maj,F#maj
126.92027,F#maj,F#maj
126.94349,F#maj,F#maj
126.96671,F#maj,F#maj
126.98993,F#maj,F#maj
127.01315,F#maj,F#maj
127.03637,F#maj,F#maj
127.05959,F#maj,F#maj
127.08281,F#maj,F#maj
127.10603,F#maj,F#maj
127.12925,F#maj,F#maj
127.15247,F#maj,F#maj
127.17569,F#maj,F#maj
127.19891,F#maj,F#maj
127.22213,F#maj,F#maj
127.24535,F#maj,F#maj
127.26857,F#maj,F#maj
127.291794,F#maj,F#maj
127.31501,F#maj,F#maj
127.338234,F#maj,F#maj
127.36145,F#maj,F#maj
127.384674,F#maj,F#maj
127.40789,F#maj,F#maj
127.431114,F#maj,F#maj
127.45433,F#maj,F#maj
127.477554,F#maj,F#maj
127.50077,F#maj,F#maj
127.523994,F#maj,F#maj
127.54721,F#maj,F#maj
127.570435,F#maj,F#maj
127.59365,F#maj,F#maj
127.61687,F#maj,F#maj
127.64009,F#maj,F#maj
127.66331,F#maj,F#maj
127.68653,F#maj,F#maj
127.70975,F#maj,F#maj
127.73297,F#maj,F#maj
127.75619,F#maj,F#maj
127.77941,F#maj,F#maj
127.80263,F#maj,F#min
127.82585,F#maj,F#min
127.84907,F#maj,F#maj
127.87229,F#maj,F#maj
127.89551,F#maj,F#maj
127.91873,F#maj,F#maj
127.94195,F#maj,F#maj
127.96517,F#maj,F#maj
127.98839,F#maj,F#maj
128.01161,F#maj,F#maj
128.03484,F#maj,F#maj
128.05804,F#maj,F#maj
128.08127,F#maj,F#maj
128.10449,F#maj,F#maj
128.12772,F#maj,F#maj
128.15092,F#maj,F#maj
128.17415,F#maj,F#maj
128.19737,F#maj,F#maj
128.2206,F#maj,F#maj
128.2438,F#maj,F#min
128.26703,F#maj,F#min
128.29025,F#maj,F#min
128.31348,F#maj,F#min
128.33669,F#maj,F#min
128.35991,F#maj,Emaj
128.38313,Bmaj,Bmaj
128.40636,Bmaj,Bmaj
128.42957,Bmaj,Bmaj
128.45279,Bmaj,Bmaj
128.47601,Bmaj,Bmaj
128.49922,Bmaj,Bmaj
128.52245,Bmaj,Bmaj
128.54567,Bmaj,Emaj
128.5689,Bmaj,Emaj
128.5921,Bmaj,Emaj
128.61533,Bmaj,Emaj
128.63855,Bmaj,Emaj
128.66177,Bmaj,Emaj
128.68498,Bmaj,Emaj
128.7082,Bmaj,Emaj
128.73143,Bmaj,Emaj
128.75465,Bmaj,Emaj
128.77786,Bmaj,Emaj
128.80109,Bmaj,Emaj
128.82431,Bmaj,Emaj
128.84753,Bmaj,Emaj
128.87074,Bmaj,Emaj
128.89397,Bmaj,Emaj
128.91719,Bmaj,Emaj
128.94041,Bmaj,Emaj
128.96362,Bmaj,Emaj
128.98685,Bmaj,Emaj
129.01007,Bmaj,Emaj
129.0333,Bmaj,Emaj
129.0565,Bmaj,Emaj
129.07973,Bmaj,Emaj
129.10295,Bmaj,Emaj
129.12617,Bmaj,Emaj
129.14938,Bmaj,Emaj
129.1726,Bmaj,Emaj
129.19583,Bmaj,Emaj
129.21906,Bmaj,Emaj
129.24226,Bmaj,Emaj
129.26549,Bmaj,Emaj
129.28871,Bmaj,Emaj
129.31192,Bmaj,Emaj
129.33514,Bmaj,Emaj
129.35837,Bmaj,Emaj
129.38159,Bmaj,Emaj
129.4048,Bmaj,Emaj
129.42802,Bmaj,Emaj
129.45125,Bmaj,Emaj
129.47447,Bmaj,Emaj
129.49768,Bmaj,Emaj
129.5209,Bmaj,Emaj
129.54413,Bmaj,Emaj
129.56735,Bmaj,Emaj
129.59056,Bmaj,Emaj
129.61378,Bmaj,Emaj
129.63701,Bmaj,Emaj
129.66023,Bmaj,Emaj
129.68344,Bmaj,Emaj
129.70667,Bmaj,Emaj
129.72989,Bmaj,Emaj
129.75311,Bmaj,Emaj
129.77632,Bmaj,Emaj
129.79955,Bmaj,Emaj
129.82277,Bmaj,Emaj
129.846,Bmaj,Emaj
129.8692,Bmaj,Emaj
129.89243,Bmaj,Emaj
129.91565,Bmaj,Emaj
129.93887,Bmaj,Emaj
129.96208,Bmaj,Emaj
129.9853,Bmaj,Emaj
130.00853,Bmaj,Emaj
130.03175,Bmaj,Emaj
130.05496,Bmaj,Emaj
130.07819,Bmaj,Emaj
130.10141,F#maj,Emaj
130.12462,F#maj,Emaj
130.14784,F#maj,Emaj
130.17107,F#maj,Emaj
130.19429,F#maj,F#maj
130.2175,F#maj,F#maj
130.24072,F#maj,F#maj
130.26395,F#maj,F#maj
130.28717,F#maj,F#maj
130.31038,F#maj,F#maj
130.3336,F#maj,F#maj
130.35683,F#maj,F#maj
130.38005,F#maj,F#maj
130.40326,F#maj,F#maj
130.42648,F#maj,F#maj
130.4497,F#maj,F#maj
130.47293,F#maj,F#maj
130.49614,F#maj,F#maj
130.51936,F#maj,F#maj
130.54259,F#maj,F#maj
130.56581,F#maj,F#maj
130.58902,F#maj,F#maj
130.61224,F#maj,F#maj
130.63547,F#maj,F#maj
130.65869,F#maj,F#maj
130.6819,F#maj,F#maj
130.70512,F#maj,F#maj
130.72835,F#maj,F#maj
130.75157,F#maj,F#maj
130.77478,F#maj,F#maj
130.798,F#maj,F#maj
130.82123,F#maj,F#maj
130.84445,F#maj,F#maj
130.86766,F#maj,F#maj
130.89088,F#maj,F#maj
130.91411,F#maj,F#maj
130.93732,F#maj,F#maj
130.96054,F#maj,F#maj
130.98376,F#maj,F#maj
131.00699,F#maj,F#maj
131.0302,F#maj,F#maj
131.05342,F#maj,F#maj
131.07664,F#maj,F#maj
131.09987,F#maj,F#maj
131.12308,F#maj,F#maj
131.1463,F#maj,F#maj
131.16953,F#maj,F#maj
131.19275,F#maj,F#maj
131.21596,F#maj,F#maj
131.23918,F#maj,F#maj
131.2624,F#maj,F#maj
131.28563,F#maj,F#maj
131.30884,F#maj,F#maj
131.33206,F#maj,F#maj
131.35529,F#maj,F#maj
131.37851,F#maj,F#maj
131.40172,F#maj,F#maj
131.42494,F#maj,F#maj
131.44817,F#maj,F#maj
131.47139,F#maj,F#maj
131.4946,F#maj,F#maj
131.51782,F#maj,F#maj
131.54105,F#maj,F#maj
131.56427,F#maj,F#maj
131.58748,F#maj,F#maj
131.6107,F#maj,F#maj
131.63393,F#maj,F#maj
131.65715,F#maj,F#maj
131.68036,F#maj,F#maj
131.70358,F#maj,F#maj
131.7268,F#maj,F#maj
131.75002,F#maj,F#maj
131.77324,F#maj,F#maj
131.79646,F#maj,F#maj
131.81969,F#maj,F#maj
131.8429,G#min,F#maj
131.86612,G#min,F#maj
131.88934,G#min,F#maj
131.91257,G#min,F#maj
131.93578,G#min,F#maj
131.959,G#min,F#maj
131.98222,G#min,F#maj
132.00545,G#min,F#maj
132.02866,G#min,F#maj
132.05188,G#min,G#min
132.0751,G#min,G#min
132.09833,G#min,G#min
132.12154,G#min,G#min
132.14476,G#min,G#min
132.16798,G#min,G#min
132.19121,G#min,G#min
132.21442,G#min,G#min
132.23764,G#min,G#min
132.26086,G#min,G#min
132.28409,G#min,G#min
132.3073,G#min,G#min
132.33052,G#min,G#min
132.35374,G#min,G#min
132.37697,G#min,G#min
132.40018,G#min,G#min
132.4234,G#min,G#min
132.44662,G#min,G#min
132.46985,G#min,G#min
132.49306,G#min,G#min
132.51628,G#min,G#min
132.5395,G#min,G#min
132.56271,G#min,G#min
132.58594,G#min,G#min
132.60916,G#min,G#min
132.63239,G#min,F#maj
132.6556,G#min,F#maj
132.67882,G#min,F#maj
132.70204,G#min,G#min
132.72527,G#min,G#min
132.74847,G#min,G#min
132.7717,G#min,G#min
132.79492,G#min,G#min
132.81815,G#min,G#min
132.84135,G#min,G#min
132.86458,G#min,G#min
132.8878,G#min,G#min
132.91103,G#min,G#min
132.93423,G#min,G#min
132.95746,G#min,G#min
132.98068,G#min,G#min
133.0039,G#min,G#min
133.02711,G#min,G#min
133.05034,G#min,G#min
133.07356,G#min,G#min
133.09679,G#min,G#min
133.12,G#min,G#min
133.14322,G#min,G#min
133.16644,G#min,G#min
133.18967,G#min,G#min
133.21288,G#min,G#min
133.2361,G#min,G#min
133.25932,G#min,G#min
133.28255,G#min,G#min
133.30576,G#min,G#min
133.32898,G#min,G#min
133.3522,G#min,G#min
133.37541,G#min,G#min
133.39864,G#min,G#min
133.42186,G#min,G#min
133.44508,G#min,G#min
133.46829,G#min,G#min
133.49152,G#min,Bmaj
133.51474,G#min,Bmaj
133.53796,G#min,Bmaj
133.56117,Bmaj,Bmaj
133.5844,Bmaj,Bmaj
133.60762,Bmaj,Bmaj
133.63084,Bmaj,Bmaj
133.65405,Bmaj,Bmaj
133.67728,Bmaj,Bmaj
133.7005,Bmaj,Bmaj
133.72372,Bmaj,Bmaj
133.74693,Bmaj,Bmaj
133.77016,Bmaj,Bmaj
133.79338,Bmaj,Bmaj
133.8166,Bmaj,Bmaj
133.83981,Bmaj,Bmaj
133.86304,Bmaj,Bmaj
133.88626,Bmaj,Bmaj
133.90948,Bmaj,Bmaj
133.9327,Bmaj,Bmaj
133.95592,Bmaj,Bmaj
133.97914,Bmaj,Bmaj
134.00237,Bmaj,Bmaj
134.02557,Bmaj,Bmaj
134.0488,Bmaj,Bmaj
134.07202,Bmaj,Bmaj
134.09525,Bmaj,Bmaj
134.11845,Bmaj,Bmaj
134.14168,Bmaj,Bmaj
134.1649,Bmaj,Bmaj
134.18811,Bmaj,Bmaj
134.21133,Bmaj,Bmaj
134.23456,Bmaj,Bmaj
134.25778,Bmaj,Bmaj
134.28099,Bmaj,Bmaj
134.30421,Bmaj,Bmaj
134.32744,Bmaj,Bmaj
134.35066,Bmaj,Bmaj
134.37387,Bmaj,Bmaj
134.3971,Bmaj,Bmaj
134.42032,Bmaj,Bmaj
134.44354,Bmaj,Bmaj
134.46675,Bmaj,Bmaj
134.48997,Bmaj,Bmaj
134.5132,Bmaj,Bmaj
134.53642,Bmaj,Bmaj
134.55963,Bmaj,Bmaj
134.58286,Bmaj,Bmaj
134.60608,Bmaj,Bmaj
134.6293,Bmaj,Bmaj
134.65251,Bmaj,Bmaj
134.67574,Bmaj,Bmaj
134.69896,Bmaj,Bmaj
134.72218,Bmaj,Bmaj
134.74539,Bmaj,Bmaj
134.76862,Bmaj,Bmaj
134.79184,Bmaj,Bmaj
134.81506,Bmaj,Bmaj
134.83827,Bmaj,Bmaj
134.8615,Bmaj,Bmaj
134.88472,Bmaj,Bmaj
134.90794,Bmaj,Bmaj
134.93115,Bmaj,Bmaj
134.95438,Bmaj,Bmaj
134.9776,Bmaj,Bmaj
135.00081,Bmaj,Bmaj
135.02403,Bmaj,Bmaj
135.04726,Bmaj,Bmaj
135.07048,Bmaj,Bmaj
135.09369,Bmaj,Bmaj
135.11691,Bmaj,Bmaj
135.14014,Bmaj,Bmaj
135.16336,Bmaj,Bmaj
135.18657,Bmaj,Bmaj
135.2098,Bmaj,Bmaj
135.23302,Bmaj,Bmaj
135.25624,Bmaj,Bmaj
135.27945,C#min,C#min
135.30267,C#min,C#min
135.3259,C#min,C#min
135.34912,C#min,C#min
135.37233,C#min,C#min
135.39555,C#min,C#min
135.41878,C#min,C#min
135.442,C#min,C#min
135.46521,C#min,C#min
135.48843,C#min,C#min
135.51166,C#min,C#min
135.53488,C#min,C#min
135.55809,C#min,C#min
135.58131,C#min,C#min
135.60454,C#min,C#min
135.62776,C#min,C#min
135.65097,C#min,C#min
135.6742,C#min,C#min
135.69742,C#min,C#min
135.72064,C#min,C#min
135.74385,C#min,C#min
135.76707,C#min,C#min
135.7903,C#min,C#min
135.81352,C#min,C#min
135.83673,C#min,C#min
135.85995,C#min,C#min
135.88318,C#min,C#min
135.90639,C#min,C#min
135.92961,C#min,C#min
135.95284,C#min,C#min
135.97606,C#min,C#min
135.99927,C#min,C#min
136.02249,C#min,C#min
136.04572,C#min,C#min
136.06894,C#min,C#min
136.09215,C#min,C#min
136.11537,C#min,C#min
136.1386,C#min,C#min
136.16182,C#min,C#min
136.18503,C#min,C#min
136.20825,C#min,C#min
136.23148,C#min,C#min
136.2547,C#min,C#min
136.27791,C#min,C#min
136.30113,C#min,C#min
136.32436,C#min,C#min
136.34758,C#min,C#min
136.37079,C#min,C#min
136.39401,C#min,C#min
136.41724,C#min,C#min
136.44046,C#min,C#min
136.46367,C#min,C#min
136.4869,C#min,C#min
136.51012,C#min,C#min
136.53334,C#min,C#min
136.55655,C#min,C#min
136.57977,C#min,C#min
136.603,C#min,C#min
136.62622,C#min,C#min
136.64943,C#min,C#min
136.67265,C#min,C#min
136.69588,C#min,C#min
136.71909,C#min,C#min
136.74231,C#min,C#min
136.76553,C#min,C#min
136.78876,C#min,C#min
136.81197,C#min,C#min
136.83519,C#min,C#min
136.85841,C#min,C#min
136.88164,C#min,C#min
136.90485,C#min,C#min
136.92807,C#min,C#min
136.9513,C#min,C#min
136.97452,C#min,C#min
136.99773,C#min,C#min
137.02095,Bmaj,C#min
137.04417,Bmaj,Bmaj
137.0674,Bmaj,Bmaj
137.0906,Bmaj,Bmaj
137.11383,Bmaj,Bmaj
137.13705,Bmaj,Bmaj
137.16028,Bmaj,Bmaj
137.18349,Bmaj,Bmaj
137.20671,Bmaj,Bmaj
137.22993,Bmaj,Bmaj
137.25316,Bmaj,Bmaj
137.27637,Bmaj,Bmaj
137.29959,Bmaj,Bmaj
137.32281,Bmaj,Bmaj
137.34604,Bmaj,Bmaj
137.36925,Bmaj,Bmaj
137.39247,Bmaj,Bmaj
137.4157,Bmaj,Bmaj
137.43892,Bmaj,Bmaj
137.46213,Bmaj,Bmaj
137.48535,Bmaj,Bmaj
137.50858,Bmaj,Bmaj
137.53178,Bmaj,Bmaj
137.55501,Bmaj,Bmaj
137.57823,Bmaj,Bmaj
137.60146,Bmaj,Bmaj
137.62466,Bmaj,Bmaj
137.64789,Bmaj,Bmaj
137.67111,Bmaj,Bmaj
137.69434,Bmaj,Bmaj
137.71754,Bmaj,Bmaj
137.74077,Bmaj,Bmaj
137.76399,Bmaj,Bmaj
137.78722,Bmaj,Bmaj
137.81042,Bmaj,Bmaj
137.83365,Bmaj,Bmaj
137.85687,Bmaj,Bmaj
137.8801,Bmaj,Bmaj
137.9033,Bmaj,Bmaj
137.92653,Bmaj,Bmaj
137.94975,Bmaj,Bmaj
137.97298,Bmaj,Bmaj
137.99619,Bmaj,Bmaj
138.01941,Bmaj,Bmaj
138.04263,Bmaj,Bmaj
138.06586,Bmaj,Bmaj
138.08907,Bmaj,Bmaj
138.11229,Bmaj,Bmaj
138.13551,Bmaj,Bmaj
138.15874,Bmaj,Bmaj
138.18195,Bmaj,Bmaj
138.20517,Bmaj,Bmaj
138.2284,Bmaj,Bmaj
138.25162,Bmaj,Bmaj
138.27483,Bmaj,Bmaj
138.29805,Bmaj,Bmaj
138.32127,Bmaj,Bmaj
138.34448,Bmaj,Bmaj
138.3677,Bmaj,Bmaj
138.39093,Bmaj,Bmaj
138.41415,Bmaj,Bmaj
138.43736,Bmaj,Bmaj
138.46059,Bmaj,Bmaj
138.48381,Bmaj,Bmaj
138.50703,Bmaj,Bmaj
138.53024,Bmaj,Bmaj
138.55347,Bmaj,Bmaj
138.57669,Bmaj,Bmaj
138.59991,Bmaj,Bmaj
138.62312,Bmaj,Bmaj
138.64635,Bmaj,Bmaj
138.66957,Bmaj,Bmaj
138.6928,Bmaj,Bmaj
138.716,Bmaj,Bmaj
138.73923,F#maj,Bmaj
138.76245,F#maj,Bmaj
138.78568,F#maj,Bmaj
138.80888,F#maj,Bmaj
138.8321,F#maj,F#maj
138.85533,F#maj,F#min
138.87856,F#maj,F#min
138.90176,F#maj,F#min
138.92499,F#maj,F#min
138.94821,F#maj,F#min
138.97144,F#maj,F#min
138.99464,F#maj,F#min
139.01787,F#maj,F#min
139.04109,F#maj,F#min
139.06432,F#maj,F#min
139.08752,F#maj,F#min
139.11075,F#maj,F#min
139.13397,F#maj,F#min
139.15718,F#maj,F#maj
139.1804,F#maj,F#maj
139.20363,F#maj,F#maj
139.22685,F#maj,F#maj
139.25006,F#maj,F#maj
139.27328,F#maj,F#maj
139.29651,F#maj,F#maj
139.31973,F#maj,F#maj
139.34294,F#maj,F#maj
139.36617,F#maj,F#maj
139.38939,F#maj,F#maj
139.41261,F#maj,F#maj
139.43582,F#maj,F#maj
139.45905,F#maj,F#maj
139.48227,F#maj,F#maj
139.5055,F#maj,F#maj
139.5287,F#maj,F#maj
139.55193,F#maj,F#maj
139.57515,F#maj,F#maj
139.59837,F#maj,F#maj
139.62158,F#maj,F#maj
139.6448,F#maj,F#maj
139.66803,F#maj,F#maj
139.69125,F#maj,F#maj
139.71446,F#maj,F#maj
139.73769,F#maj,F#maj
139.76091,F#maj,F#maj
139.78413,F#maj,F#maj
139.80734,F#maj,F#maj
139.83057,F#maj,F#maj
139.85379,F#maj,F#maj
139.87701,F#maj,F#maj
139.90022,F#maj,F#maj
139.92345,F#maj,F#maj
139.94667,F#maj,F#maj
139.96988,F#maj,F#maj
139.9931,F#maj,F#maj
140.01633,F#maj,F#maj
140.03955,F#maj,F#maj
140.06276,F#maj,F#maj
140.08598,F#maj,F#min
140.1092,F#maj,F#maj
140.13243,F#maj,F#maj
140.15564,F#maj,F#maj
140.17886,F#maj,F#min
140.20209,F#maj,F#min
140.22531,F#maj,F#min
140.24852,F#maj,F#min
140.27174,F#maj,F#min
140.29497,F#maj,F#min
140.31819,F#maj,F#maj
140.3414,F#maj,F#maj
140.36462,F#maj,F#maj
140.38785,F#maj,F#maj
140.41107,F#maj,F#maj
140.43428,F#maj,F#maj
140.4575,Emaj,F#maj
140.48073,Emaj,F#maj
140.50395,Emaj,Emaj
140.52716,Emaj,Emaj
140.55038,Emaj,Emaj
140.57361,Emaj,Emaj
140.59683,Emaj,Emaj
140.62004,Emaj,Emaj
140.64326,Emaj,Emaj
140.66649,Emaj,Emaj
140.68971,Emaj,Emaj
140.71292,Emaj,Emaj
140.73615,Emaj,Emaj
140.75937,Emaj,Emaj
140.78258,Emaj,Emaj
140.8058,Emaj,Emaj
140.82903,Emaj,Emaj
140.85225,Emaj,Emaj
140.87546,Emaj,Emaj
140.89868,Emaj,Emaj
140.9219,Emaj,Emaj
140.94513,Emaj,Emaj
140.96834,Emaj,Emaj
140.99156,Emaj,Emaj
141.01479,Emaj,Emaj
141.03801,Emaj,Emaj
141.06122,Emaj,Emaj
141.08444,Emaj,Emaj
141.10767,Emaj,Emaj
141.13089,Emaj,Emaj
141.1541,Emaj,Emaj
141.17732,Emaj,Emaj
141.20055,Emaj,Emaj
141.22377,Emaj,Emaj
141.24698,Emaj,Emaj
141.2702,Emaj,Emaj
141.29343,Emaj,Emaj
141.31665,Emaj,Emaj
141.33986,Emaj,Emaj
141.36308,Emaj,Emaj
141.3863,Emaj,Emaj
141.40953,Emaj,Emaj
141.43274,Emaj,Emaj
141.45596,Emaj,Emaj
141.47919,Emaj,Emaj
141.50241,Emaj,Emaj
141.52562,Emaj,Emaj
141.54884,Emaj,Emaj
141.57207,Emaj,Emaj
141.59528,Emaj,Emaj
141.6185,Emaj,Emaj
141.64172,Emaj,Emaj
141.66495,Emaj,Emaj
141.68816,Emaj,Emaj
141.71138,Emaj,Emaj
141.7346,Emaj,Emaj
141.75783,Emaj,Emaj
141.78104,Emaj,Emaj
141.80426,Emaj,Emaj
141.82748,Emaj,Emaj
141.85071,Emaj,Emaj
141.87392,Emaj,Emaj
141.89714,Emaj,Emaj
141.92036,Emaj,Emaj
141.94359,Emaj,Emaj
141.9668,Emaj,Emaj
141.99002,Emaj,Emaj
142.01324,Emaj,Emaj
142.03647,Emaj,Emaj
142.05968,Emaj,Emaj
142.0829,Emaj,Emaj
142.10612,Emaj,Emaj
142.12935,Emaj,Emaj
142.15256,Emaj,Emaj
142.17578,Emaj,Emaj
142.199,G#min,Emaj
142.22223,G#min,Emaj
142.24544,G#min,Emaj
142.26866,G#min,G#min
142.29189,G#min,G#min
142.31511,G#min,G#min
142.33832,G#min,G#min
142.36154,G#min,G#min
142.38477,G#min,G#min
142.40797,G#min,G#min
142.4312,G#min,G#min
142.45442,G#min,G#min
142.47765,G#min,G#min
142.50085,G#min,G#min
142.52408,G#min,G#min
142.5473,G#min,G#min
142.57053,G#min,G#min
142.59373,G#min,G#min
142.61696,G#min,G#min
142.64018,G#min,G#min
142.6634,G#min,G#min
142.68661,G#min,G#min
142.70984,G#min,G#min
142.73306,G#min,G#min
142.75629,G#min,G#min
142.7795,G#min,G#min
142.80272,G#min,G#min
142.82594,G#min,G#min
142.84917,G#min,G#min
142.87238,G#min,G#min
142.8956,G#min,G#min
142.91882,G#min,G#min
142.94205,G#min,G#min
142.96526,G#min,G#min
142.98848,G#min,G#min
143.0117,G#min,G#min
143.03493,G#min,G#min
143.05814,G#min,G#min
143.08136,G#min,G#min
143.10458,G#min,G#min
143.1278,G#min,G#min
143.15102,G#min,G#min
143.17424,G#min,G#min
143.19746,G#min,G#min
143.22069,G#min,G#min
143.2439,G#min,G#min
143.26712,G#min,G#min
143.29034,G#min,G#min
143.31355,G#min,G#min
143.33678,G#min,G#min
143.36,G#min,G#min
143.38322,G#min,G#min
143.40643,G#min,G#min
143.42966,G#min,G#min
143.45288,G#min,G#min
143.4761,G#min,G#min
143.49931,G#min,G#min
143.52254,G#min,G#min
143.54576,G#min,G#min
143.56898,G#min,G#min
143.5922,G#min,G#min
143.61542,G#min,G#min
143.63864,G#min,G#min
143.66187,G#min,G#min
143.68507,G#min,G#min
143.7083,G#min,G#min
143.73152,G#min,G#min
143.75475,G#min,G#min
143.77795,G#min,G#min
143.80118,G#min,G#min
143.8244,G#min,G#min
143.84763,G#min,G#min
143.87083,G#min,G#min
143.89406,G#min,G#min
143.91728,G#min,G#min
143.9405,G#min,G#min
143.96371,G#min,G#min
143.98694,G#min,G#min
144.01016,G#min,G#min
144.03339,G#min,G#min
144.0566,G#min,G#min
144.07982,G#min,G#min
144.10304,G#min,G#min
144.12625,G#min,G#min
144.14948,G#min,G#min
144.1727,G#min,G#min
144.19592,G#min,G#min
144.21913,G#min,G#min
144.24236,G#min,G#min
144.26558,G#min,G#min
144.2888,G#min,G#min
144.31201,G#min,G#min
144.33524,G#min,G#min
144.35846,G#min,G#min
144.38168,G#min,G#min
144.40489,G#min,G#min
144.42812,G#min,G#min
144.45134,G#min,G#min
144.47456,G#min,G#min
144.49777,G#min,G#min
144.521,G#min,G#min
144.54422,G#min,G#min
144.56744,G#min,G#min
144.59065,G#min,G#min
144.61388,G#min,G#min
144.6371,G#min,G#min
144.66032,G#min,G#min
144.68353,G#min,G#min
144.70676,G#min,G#min
144.72998,G#min,G#min
144.7532,G#min,G#min
144.77641,G#min,G#min
144.79964,G#min,G#min
144.82286,G#min,G#min
144.84608,G#min,G#min
144.8693,G#min,G#min
144.89252,G#min,G#min
144.91574,G#min,G#min
144.93895,G#min,G#min
144.96217,G#min,G#min
144.9854,G#min,G#min
145.00862,G#min,G#min
145.03183,G#min,G#min
145.05505,G#min,G#min
145.07828,G#min,G#min
145.1015,G#min,G#min
145.12471,G#min,G#min
145.14793,G#min,G#min
145.17116,G#min,G#min
145.19438,G#min,G#min
145.21759,G#min,G#min
145.24081,G#min,Emaj
145.26404,G#min,Emaj
145.28726,G#min,Emaj
145.31047,G#min,Emaj
145.3337,G#min,Emaj
145.35692,G#min,Emaj
145.38014,G#min,Emaj
145.40335,G#min,Emaj
145.42657,G#min,Emaj
145.4498,G#min,Emaj
145.47302,G#min,Emaj
145.49623,G#min,Emaj
145.51945,G#min,Emaj
145.54268,G#min,Emaj
145.5659,G#min,C#min
145.58911,G#min,C#min
145.61234,G#min,C#min
145.63556,G#min,C#min
145.65878,C#min,C#min
145.68199,C#min,C#min
145.70522,C#min,C#min
145.72844,C#min,C#min
145.75165,C#min,C#min
145.77487,C#min,C#min
145.7981,C#min,C#min
145.82132,C#min,C#min
145.84453,C#min,C#min
145.86775,C#min,C#min
145.89098,C#min,C#min
145.9142,C#min,C#min
145.93741,C#min,C#min
145.96063,C#min,C#min
145.98386,C#min,C#min
146.00708,C#min,C#min
146.03029,C#min,C#min
146.05351,C#min,C#min
146.07674,C#min,C#min
146.09996,C#min,C#min
146.12317,C#min,C#min
146.1464,C#min,C#min
146.16962,C#min,C#min
146.19284,C#min,C#min
146.21605,C#min,C#min
146.23927,C#min,C#min
146.2625,C#min,C#min
146.28572,C#min,C#min
146.30893,C#min,C#min
146.33215,C#min,C#min
146.35538,C#min,C#min
146.3786,C#min,C#min
146.40181,C#min,C#min
146.42503,C#min,C#min
146.44826,C#min,C#min
146.47148,C#min,F#min
146.49469,C#min,F#min
146.51791,F#maj,F#min
146.54114,F#maj,F#min
146.56435,F#maj,F#min
146.58757,F#maj,F#min
146.6108,F#maj,F#min
146.63402,F#maj,F#min
146.65723,F#maj,F#min
146.68045,F#maj,F#min
146.70367,F#maj,F#min
146.7269,F#maj,F#min
146.7501,F#maj,F#min
146.77333,F#maj,F#min
146.79655,F#maj,F#min
146.81978,F#maj,F#min
146.84299,F#maj,F#min
146.86621,F#maj,F#min
146.88943,F#maj,F#min
146.91266,F#maj,F#min
146.93587,F#maj,F#min
146.95909,F#maj,F#min
146.98232,F#maj,F#min
147.00554,F#maj,F#min
147.02875,F#maj,F#min
147.05197,F#maj,F#min
147.0752,F#maj,F#min
147.09842,F#maj,F#min
147.12163,F#maj,F#min
147.14485,F#maj,F#min
147.16808,F#maj,F#min
147.1913,F#maj,F#min
147.21451,F#maj,F#min
147.23773,F#maj,F#min
147.26096,F#maj,F#min
147.28418,F#maj,F#min
147.30739,F#maj,F#min
147.33061,F#maj,F#min
147.35384,F#maj,F#min
147.37704,F#maj,F#min
147.40027,F#maj,F#min
147.4235,F#maj,F#min
147.44672,F#maj,F#min
147.46992,F#maj,F#min
147.49315,F#maj,F#min
147.51637,F#maj,F#min
147.5396,F#maj,F#min
147.5628,F#maj,F#min
147.58603,F#maj,F#min
147.60925,F#maj,F#min
147.63248,F#maj,F#min
147.65569,F#maj,F#min
147.67891,F#maj,F#min
147.70213,F#maj,F#min
147.72536,F#maj,F#min
147.74857,F#maj,F#min
147.77179,F#maj,F#min
147.79501,F#maj,F#min
147.81824,F#maj,F#min
147.84145,F#maj,F#min
147.86467,F#maj,F#min
147.8879,F#maj,F#min
147.91112,F#maj,F#min
147.93433,F#maj,F#min
147.95755,F#maj,F#min
147.98077,F#maj,F#min
148.004,F#maj,F#min
148.0272,F#maj,F#min
148.05043,F#maj,F#min
148.07365,F#maj,F#min
148.09688,F#maj,F#min
148.12009,F#maj,F#min
148.14331,F#maj,F#min
148.16653,F#maj,F#min
148.18974,F#maj,F#min
148.21297,F#maj,F#min
148.23619,F#maj,F#min
148.25941,F#maj,F#min
148.28262,F#maj,F#min
148.30585,F#maj,F#min
148.32907,F#maj,F#min
148.3523,F#maj,F#min
148.3755,F#maj,F#min
148.39873,F#maj,F#min
148.42195,F#maj,F#min
148.44518,F#maj,F#min
148.46838,F#maj,F#min
148.49161,F#maj,F#min
148.51483,F#maj,F#min
148.53806,F#maj,F#min
148.56126,F#maj,F#min
148.58449,F#maj,F#min
148.60771,F#maj,F#min
148.63094,F#maj,F#min
148.65414,F#maj,F#min
148.67737,F#maj,F#min
148.70059,F#maj,F#min
148.72382,F#maj,F#min
148.74702,F#maj,F#min
148.77025,F#maj,F#min
148.79347,F#maj,F#min
148.8167,F#maj,F#min
148.8399,F#maj,F#min
148.86313,F#maj,F#min
148.88635,F#maj,F#min
148.90958,F#maj,F#min
148.93279,F#maj,F#min
148.95601,F#maj,F#min
148.97923,F#maj,F#min
149.00244,F#maj,F#min
149.02567,F#maj,F#min
149.04889,F#maj,Emaj
149.07211,F#maj,Emaj
149.09532,Bmaj,Emaj
149.11855,Bmaj,Emaj
149.14177,Bmaj,Emaj
149.165,Bmaj,Bmaj
149.1882,Bmaj,Bmaj
149.21143,Bmaj,Bmaj
149.23465,Bmaj,Bmaj
149.25787,Bmaj,Emaj
149.28108,Bmaj,Emaj
149.3043,Bmaj,Emaj
149.32753,Bmaj,Emaj
149.35075,Bmaj,Emaj
149.37396,Bmaj,Emaj
149.39719,Bmaj,Emaj
149.42041,Bmaj,Emaj
149.44363,Bmaj,Emaj
149.46684,Bmaj,Emaj
149.49007,Bmaj,Emaj
149.51329,Bmaj,Emaj
149.53651,Bmaj,Emaj
149.55972,Bmaj,Emaj
149.58295,Bmaj,Emaj
149.60617,Bmaj,Emaj
149.6294,Bmaj,Emaj
149.6526,Bmaj,Emaj
149.67583,Bmaj,Emaj
149.69905,Bmaj,Emaj
149.72227,Bmaj,Bmaj
149.74548,Bmaj,Bmaj
149.7687,Bmaj,Bmaj
149.79193,Bmaj,Bmaj
149.81514,Bmaj,Bmaj
149.83836,Bmaj,Bmaj
149.86159,Bmaj,Bmaj
149.88481,Bmaj,Bmaj
149.90802,Bmaj,Bmaj
149.93124,Bmaj,Bmaj
149.95447,Bmaj,Bmaj
149.97769,Bmaj,Bmaj
150.0009,Bmaj,Bmaj
150.02412,Bmaj,Bmaj
150.04735,Bmaj,Bmaj
150.07057,Bmaj,Bmaj
150.09378,Bmaj,Bmaj
150.117,Bmaj,Bmaj
150.14023,Bmaj,Bmaj
150.16345,Bmaj,Bmaj
150.18666,Bmaj,Bmaj
150.20988,Bmaj,Bmaj
150.23311,Bmaj,Bmaj
150.25633,Bmaj,Bmaj
150.27954,Bmaj,Bmaj
150.30276,Bmaj,Bmaj
150.32599,Bmaj,Bmaj
150.34921,Bmaj,Bmaj
150.37242,Bmaj,Bmaj
150.39565,Bmaj,Bmaj
150.41887,Bmaj,Emaj
150.4421,Bmaj,Bmaj
150.4653,Bmaj,Bmaj
150.48853,Bmaj,Bmaj
150.51175,Bmaj,Bmaj
150.53497,Bmaj,Bmaj
150.55818,Bmaj,Bmaj
150.5814,Bmaj,Bmaj
150.60463,Bmaj,Bmaj
150.62785,Bmaj,Bmaj
150.65106,Bmaj,Bmaj
150.67429,Bmaj,Bmaj
150.69751,Bmaj,Bmaj
150.72072,Bmaj,Bmaj
150.74394,Bmaj,Bmaj
150.76717,Bmaj,Bmaj
150.79039,Bmaj,F#min
150.8136,Bmaj,F#min
150.83682,F#maj,F#min
150.86005,F#maj,F#min
150.88327,F#maj,F#maj
150.90648,F#maj,F#maj
150.9297,F#maj,F#maj
150.95293,F#maj,F#maj
150.97615,F#maj,F#maj
150.99936,F#maj,F#maj
151.02258,F#maj,F#maj
151.0458,F#maj,F#maj
151.06903,F#maj,F#maj
151.09224,F#maj,F#maj
151.11546,F#maj,F#maj
151.13869,F#maj,F#maj
151.16191,F#maj,F#maj
151.18512,F#maj,F#maj
151.20834,F#maj,F#maj
151.23157,F#maj,F#maj
151.25479,F#maj,F#maj
151.278,F#maj,F#maj
151.30122,F#maj,F#maj
151.32445,F#maj,F#maj
151.34767,F#maj,F#maj
151.37088,F#maj,F#maj
151.3941,F#maj,F#maj
151.41733,F#maj,F#maj
151.44055,F#maj,F#maj
151.46376,F#maj,F#maj
151.48698,F#maj,F#maj
151.51021,F#maj,F#maj
151.53342,F#maj,F#maj
151.55664,F#maj,F#maj
151.57986,F#maj,F#maj
151.60309,F#maj,F#maj
151.6263,F#maj,F#maj
151.64952,F#maj,F#maj
151.67274,F#maj,F#maj
151.69597,F#maj,F#maj
151.71918,F#maj,F#maj
151.7424,F#maj,F#min
151.76562,F#maj,F#min
151.78885,F#maj,F#min
151.81206,F#maj,F#min
151.83528,F#maj,F#min
151.8585,F#maj,F#min
151.88173,F#maj,F#min
151.90494,F#maj,F#min
151.92816,F#maj,F#maj
151.95139,F#maj,F#maj
151.97461,F#maj,F#maj
151.99782,F#maj,F#maj
152.02104,F#maj,F#maj
152.04427,F#maj,F#maj
152.06749,F#maj,F#maj
152.0907,F#maj,F#maj
152.11392,F#maj,F#maj
152.13715,F#maj,F#maj
152.16037,F#maj,F#maj
152.18358,F#maj,F#maj
152.2068,F#maj,F#maj
152.23003,F#maj,F#min
152.25325,F#maj,F#min
152.27646,F#maj,F#min
152.29968,F#maj,F#min
152.3229,F#maj,F#min
152.34612,F#maj,F#min
152.36934,F#maj,F#min
152.39256,F#maj,F#min
152.41579,F#maj,F#min
152.439,F#maj,F#min
152.46222,F#maj,F#min
152.48544,F#maj,F#min
152.50867,F#maj,F#min
152.53188,F#maj,F#min
152.5551,G#min,F#min
152.57832,G#min,F#min
152.60155,G#min,F#min
152.62476,G#min,F#min
152.64798,G#min,F#min
152.6712,G#min,F#min
152.69443,G#min,F#min
152.71764,G#min,F#min
152.74086,G#min,G#min
152.76408,G#min,G#min
152.78731,G#min,G#min
152.81052,G#min,G#min
152.83374,G#min,G#min
152.85696,G#min,G#min
152.88019,G#min,G#min
152.9034,G#min,G#min
152.92662,G#min,G#min
152.94984,G#min,G#min
152.97307,G#min,G#min
152.99628,G#min,G#min
153.0195,G#min,G#min
153.04272,G#min,G#min
153.06595,G#min,G#min
153.08916,G#min,G#min
153.11238,G#min,G#min
153.1356,G#min,G#min
153.15881,G#min,G#min
153.18204,G#min,G#min
153.20526,G#min,G#min
153.22849,G#min,G#min
153.2517,G#min,G#min
153.27492,G#min,G#min
153.29814,G#min,G#min
153.32137,G#min,G#min
153.34457,G#min,G#min
153.3678,G#min,G#min
153.39102,G#min,G#min
153.41425,G#min,G#min
153.43745,G#min,G#min
153.46068,G#min,G#min
153.4839,G#min,G#min
153.50713,G#min,G#min
153.53033,G#min,G#min
153.55356,G#min,G#min
153.57678,G#min,G#min
153.6,G#min,G#min
153.62321,G#min,G#min
153.64644,G#min,G#min
153.66966,G#min,G#min
153.69289,G#min,G#min
153.7161,G#min,G#min
153.73932,G#min,G#min
153.76254,G#min,G#min
153.78577,G#min,G#min
153.80898,G#min,G#min
153.8322,G#min,G#min
153.85542,G#min,G#min
153.87865,G#min,G#min
153.90186,G#min,G#min
153.92508,G#min,G#min
153.9483,G#min,G#min
153.97151,G#min,G#min
153.99474,G#min,G#min
154.01796,G#min,G#min
154.04118,G#min,G#min
154.06439,G#min,G#min
154.08762,G#min,G#min
154.11084,G#min,G#min
154.13406,G#min,G#min
154.15727,G#min,G#min
154.1805,G#min,G#min
154.20372,G#min,Bmaj
154.22694,G#min,Bmaj
154.25015,G#min,Bmaj
154.27338,Bmaj,Bmaj
154.2966,Bmaj,Bmaj
154.31982,Bmaj,Bmaj
154.34303,Bmaj,Bmaj
154.36626,Bmaj,Bmaj
154.38948,Bmaj,Bmaj
154.4127,Bmaj,Bmaj
154.43591,Bmaj,Bmaj
154.45914,Bmaj,Bmaj
154.48236,Bmaj,Bmaj
154.50558,Bmaj,Bmaj
154.5288,Bmaj,Bmaj
154.55202,Bmaj,Bmaj
154.57524,Bmaj,Bmaj
154.59846,Bmaj,Bmaj
154.62167,Bmaj,Bmaj
154.6449,Bmaj,Bmaj
154.66812,Bmaj,Bmaj
154.69135,Bmaj,Bmaj
154.71455,Bmaj,Bmaj
154.73778,Bmaj,Bmaj
154.761,Bmaj,Bmaj
154.78421,Bmaj,Bmaj
154.80743,Bmaj,Bmaj
154.83066,Bmaj,Bmaj
154.85388,Bmaj,Bmaj
154.87709,Bmaj,Bmaj
154.90031,Bmaj,Bmaj
154.92354,Bmaj,Bmaj
154.94676,Bmaj,Bmaj
154.96997,Bmaj,Bmaj
154.9932,Bmaj,Bmaj
155.01642,Bmaj,Bmaj
155.03964,Bmaj,Bmaj
155.06285,Bmaj,Bmaj
155.08607,Bmaj,Bmaj
155.1093,Bmaj,Bmaj
155.13252,Bmaj,Bmaj
155.15573,Bmaj,Bmaj
155.17896,Bmaj,Bmaj
155.20218,Bmaj,Bmaj
155.2254,Bmaj,Bmaj
155.24861,Bmaj,Bmaj
155.27184,Bmaj,Bmaj
155.29506,Bmaj,Bmaj
155.31828,Bmaj,Bmaj
155.34149,Bmaj,Bmaj
155.36472,Bmaj,Bmaj
155.38794,Bmaj,Bmaj
155.41116,Bmaj,Bmaj
155.43437,Bmaj,Bmaj
155.4576,Bmaj,Bmaj
155.48082,Bmaj,Bmaj
155.50404,Bmaj,Bmaj
155.52725,Bmaj,Bmaj
155.55048,Bmaj,Bmaj
155.5737,Bmaj,Bmaj
155.59691,Bmaj,Bmaj
155.62013,Bmaj,Bmaj
155.64336,Bmaj,Bmaj
155.66658,Bmaj,Bmaj
155.68979,Bmaj,Bmaj
155.71301,Bmaj,Bmaj
155.73624,Bmaj,Bmaj
155.75946,Bmaj,Bmaj
155.78267,Bmaj,Bmaj
155.8059,Bmaj,Bmaj
155.82912,Bmaj,Bmaj
155.85234,Bmaj,Bmaj
155.87555,Bmaj,Bmaj
155.89877,Bmaj,Bmaj
155.922,Bmaj,Bmaj
155.94522,Bmaj,Bmaj
155.96843,Bmaj,Bmaj
155.99165,Bmaj,Bmaj
156.01488,C#min,C#min
156.0381,C#min,C#min
156.06131,C#min,C#min
156.08453,C#min,C#min
156.10776,C#min,C#min
156.13098,C#min,C#min
156.15419,C#min,C#min
156.17741,C#min,C#min
156.20064,C#min,C#min
156.22386,C#min,C#min
156.24707,C#min,C#min
156.2703,C#min,C#min
156.29352,C#min,C#min
156.31674,C#min,C#min
156.33995,C#min,C#min
156.36317,C#min,C#min
156.3864,C#min,C#min
156.4096,C#min,C#min
156.43283,C#min,C#min
156.45605,C#min,C#min
156.47928,C#min,C#min
156.50249,C#min,C#min
156.52571,C#min,C#min
156.54893,C#min,C#min
156.57216,C#min,C#min
156.59537,C#min,C#min
156.61859,C#min,C#min
156.64182,C#min,C#min
156.66504,C#min,C#min
156.68825,C#min,C#min
156.71147,C#min,C#min
156.7347,C#min,C#min
156.75792,C#min,C#min
156.78113,C#min,C#min
156.80435,C#min,C#min
156.82758,C#min,C#min
156.8508,C#min,C#min
156.87401,C#min,C#min
156.89723,C#min,C#min
156.92046,C#min,C#min
156.94368,C#min,C#min
156.96689,C#min,C#min
156.99011,C#min,C#min
157.01334,C#min,C#min
157.03656,C#min,C#min
157.05977,C#min,C#min
157.083,C#min,C#min
157.10622,C#min,C#min
157.12944,C#min,C#min
157.15265,C#min,C#min
157.17587,C#min,C#min
157.1991,C#min,C#min
157.2223,C#min,C#min
157.24553,C#min,C#min
157.26875,C#min,C#min
157.29198,C#min,C#min
157.31519,C#min,C#min
157.33841,C#min,C#min
157.36163,C#min,C#min
157.38486,C#min,C#min
157.40807,C#min,C#min
157.43129,C#min,C#min
157.45451,C#min,C#min
157.47774,C#min,C#min
157.50095,C#min,C#min
157.52417,C#min,C#min
157.5474,C#min,C#min
157.57062,C#min,C#min
157.59383,C#min,C#min
157.61705,C#min,C#min
157.64027,C#min,C#min
157.6635,C#min,C#min
157.6867,C#min,C#min
157.70993,C#min,C#min
157.73315,Bmaj,C#min
157.75638,Bmaj,Bmaj
157.77959,Bmaj,Bmaj
157.80281,Bmaj,Bmaj
157.82603,Bmaj,Bmaj
157.84926,Bmaj,Bmaj
157.87247,Bmaj,Bmaj
157.89569,Bmaj,Bmaj
157.91891,Bmaj,Bmaj
157.94214,Bmaj,Bmaj
157.96535,Bmaj,Bmaj
157.98857,Bmaj,Bmaj
158.0118,Bmaj,Bmaj
158.03502,Bmaj,Bmaj
158.05823,Bmaj,Bmaj
158.08145,Bmaj,Bmaj
158.10468,Bmaj,Bmaj
158.12788,Bmaj,Bmaj
158.15111,Bmaj,Bmaj
158.17433,Bmaj,Bmaj
158.19756,Bmaj,Bmaj
158.22076,Bmaj,Bmaj
158.24399,Bmaj,Bmaj
158.26721,Bmaj,Bmaj
158.29044,Bmaj,Bmaj
158.31364,Bmaj,Bmaj
158.33687,Bmaj,Bmaj
158.36009,Bmaj,Bmaj
158.38332,Bmaj,Bmaj
158.40652,Bmaj,Bmaj
158.42975,Bmaj,Bmaj
158.45297,Bmaj,Bmaj
158.4762,Bmaj,Bmaj
158.4994,Bmaj,Bmaj
158.52263,Bmaj,Bmaj
158.54585,Bmaj,Bmaj
158.56908,Bmaj,Bmaj
158.59229,Bmaj,Bmaj
158.61551,Bmaj,Bmaj
158.63873,Bmaj,Bmaj
158.66196,Bmaj,Bmaj
158.68517,Bmaj,Bmaj
158.70839,Bmaj,Bmaj
158.73161,Bmaj,Bmaj
158.75484,Bmaj,Bmaj
158.77805,Bmaj,Bmaj
158.80127,Bmaj,Bmaj
158.8245,Bmaj,Bmaj
158.84772,Bmaj,Bmaj
158.87093,Bmaj,Bmaj
158.89415,Bmaj,Bmaj
158.91737,Bmaj,Bmaj
158.94058,Bmaj,Bmaj
158.9638,Bmaj,Bmaj
158.98703,Bmaj,Bmaj
159.01025,Bmaj,Bmaj
159.03346,Bmaj,Bmaj
159.05669,Bmaj,Bmaj
159.07991,Bmaj,Bmaj
159.10313,Bmaj,Bmaj
159.12634,Bmaj,Bmaj
159.14957,Bmaj,Bmaj
159.17279,Bmaj,Bmaj
159.19601,Bmaj,Bmaj
159.21922,Bmaj,Bmaj
159.24245,Bmaj,Bmaj
159.26567,Bmaj,Bmaj
159.2889,Bmaj,Bmaj
159.3121,Bmaj,Bmaj
159.33533,Bmaj,Bmaj
159.35855,Bmaj,Bmaj
159.38177,Bmaj,Bmaj
159.40498,Bmaj,Bmaj
159.4282,Bmaj,Bmaj
159.45143,Bmaj,Bmaj
159.47466,Bmaj,Bmaj
159.49786,Bmaj,Bmaj
159.52109,Bmaj,Bmaj
159.54431,Bmaj,Bmaj
159.56754,Bmaj,Bmaj
159.59074,Bmaj,Bmaj
159.61397,Bmaj,Bmaj
159.63719,Bmaj,Bmaj
159.66042,Bmaj,Bmaj
159.68362,Bmaj,Bmaj
159.70685,Bmaj,Bmaj
159.73007,Bmaj,Bmaj
159.75328,Bmaj,Bmaj
159.7765,Bmaj,Bmaj
159.79973,Bmaj,Bmaj
159.82295,Bmaj,Bmaj
159.84616,Bmaj,Bmaj
159.86938,Bmaj,Bmaj
159.89261,Bmaj,Bmaj
159.91583,Bmaj,Bmaj
159.93904,Bmaj,Bmaj
159.96227,Bmaj,Bmaj
159.98549,Bmaj,Bmaj
160.00871,Bmaj,Bmaj
160.03192,Bmaj,Bmaj
160.05515,Bmaj,Bmaj
160.07837,Bmaj,Bmaj
160.1016,Bmaj,Bmaj
160.1248,Bmaj,Bmaj
160.14803,Bmaj,Bmaj
160.17125,Bmaj,Bmaj
160.19447,Bmaj,Bmaj
160.21768,Bmaj,Bmaj
160.2409,Bmaj,Bmaj
160.26413,Bmaj,Bmaj
160.28735,Bmaj,Bmaj
160.31056,Bmaj,Bmaj
160.33379,Bmaj,Bmaj
160.35701,Bmaj,Bmaj
160.38023,Bmaj,Bmaj
160.40344,Bmaj,Bmaj
160.42667,Bmaj,Bmaj
160.44989,Bmaj,Bmaj
160.47311,Bmaj,Bmaj
160.49632,Bmaj,Bmaj
160.51955,Bmaj,Bmaj
160.54277,Bmaj,Bmaj
160.56598,Bmaj,Bmaj
160.5892,Bmaj,Bmaj
160.61243,Bmaj,Bmaj
160.63565,Bmaj,Bmaj
160.65886,Bmaj,Bmaj
160.68208,Bmaj,Bmaj
160.7053,Bmaj,Bmaj
160.72853,Bmaj,Bmaj
160.75174,Bmaj,Bmaj
160.77496,Bmaj,Bmaj
160.79819,Bmaj,Bmaj
160.82141,Bmaj,Bmaj
160.84462,Bmaj,Bmaj
160.86784,Bmaj,Bmaj
160.89107,Bmaj,Bmaj
160.91429,Bmaj,Bmaj
160.9375,Bmaj,Bmaj
160.96072,Bmaj,Bmaj
160.98395,Bmaj,Bmaj
161.00717,Bmaj,Bmaj
161.03038,Bmaj,Bmaj
161.0536,Bmaj,Bmaj
161.07683,Bmaj,Bmaj
161.10005,Bmaj,Bmaj
161.12326,Bmaj,Bmaj
161.14648,Bmaj,Bmaj
161.16971,Bmaj,Bmaj
161.19293,Bmaj,Bmaj
161.21614,Bmaj,Bmaj
161.23936,Bmaj,Bmaj
161.26259,Bmaj,Bmaj
161.28581,Bmaj,Bmaj
161.30902,Bmaj,Bmaj
161.33224,Bmaj,Bmaj
161.35547,Bmaj,Bmaj
161.37868,Bmaj,Bmaj
161.4019,Bmaj,Bmaj
161.42513,Bmaj,Bmaj
161.44835,Bmaj,Bmaj
161.47156,Bmaj,Bmaj
161.49478,Bmaj,Bmaj
161.518,Bmaj,Bmaj
161.54123,Bmaj,Bmaj
161.56444,Bmaj,Bmaj
161.58766,Bmaj,Bmaj
161.61089,Bmaj,Bmaj
161.63411,Bmaj,Bmaj
161.65732,Bmaj,Bmaj
161.68054,Bmaj,Bmaj
161.70377,Bmaj,Bmaj
161.72699,Bmaj,Bmaj
161.7502,Bmaj,Bmaj
161.77342,Bmaj,Bmaj
161.79665,Bmaj,Bmaj
161.81987,Bmaj,Bmaj
161.84308,Bmaj,Bmaj
161.8663,Bmaj,Bmaj
161.88953,Bmaj,Bmaj
161.91275,Bmaj,Bmaj
161.93596,Bmaj,Bmaj
161.95918,Bmaj,Bmaj
161.9824,Bmaj,Bmaj
162.00563,Bmaj,Bmaj
162.02884,Bmaj,Bmaj
162.05206,Bmaj,Bmaj
162.07529,Bmaj,Bmaj
162.09851,Bmaj,Bmaj
162.12172,Bmaj,Bmaj
162.14494,Bmaj,Bmaj
162.16817,Bmaj,Bmaj
